id_categoria;categoria;id_competicion;competicion;id;descripcion_fase;slug_fase;url_competicion
350;CAMPIONAT DE CATALUNYA DE PRIMERA DIVISIO SENIOR;1374;CAMPIONAT DE CATALUNYA 1a DIV. SEN FEM;3650;PRIMERA FASE - GRUP A;primera-fase-grup-a;https://resultadosvoleibol.isquad.es/competicion_completa.php?seleccion=0&id=3650&id_ambito=0&id_territorial=17&id_superficie=1&iframe=0&id_categoria=350&id_competicion=1374
350;CAMPIONAT DE CATALUNYA DE PRIMERA DIVISIO SENIOR;1374;CAMPIONAT DE CATALUNYA 1a DIV. SEN FEM;3651;PRIMERA FASE - GRUP B;primera-fase-grup-b;https://resultadosvoleibol.isquad.es/competicion_completa.php?seleccion=0&id=3650&id_ambito=0&id_territorial=17&id_superficie=1&iframe=0&id_categoria=350&id_competicion=1374
350;CAMPIONAT DE CATALUNYA DE PRIMERA DIVISIO SENIOR;1375;CAMPIONAT DE CATALUNYA 1a DIV. SEN MASC;3652;PRIMERA FASE - GRUP A;primera-fase-grup-a;https://resultadosvoleibol.isquad.es/competicion_completa.php?seleccion=0&id=3652&id_ambito=0&id_territorial=17&id_superficie=1&iframe=0&id_categoria=350&id_competicion=1375
350;CAMPIONAT DE CATALUNYA DE PRIMERA DIVISIO SENIOR;1375;CAMPIONAT DE CATALUNYA 1a DIV. SEN MASC;3653;PRIMERA FASE - GRUP B;primera-fase-grup-b;https://resultadosvoleibol.isquad.es/competicion_completa.php?seleccion=0&id=3652&id_ambito=0&id_territorial=17&id_superficie=1&iframe=0&id_categoria=350&id_competicion=1375
351;CAMPIONAT DE CATALUNYA DE SEGONA DIVISIO SENIOR;1376;CAMPIONAT DE CATALUNYA 2a DIV. SEN FEM;3656;PRIMERA FASE - GRUP C;primera-fase-grup-c;https://resultadosvoleibol.isquad.es/competicion_completa.php?seleccion=0&id=3656&id_ambito=0&id_territorial=17&id_superficie=1&iframe=0&id_categoria=351&id_competicion=1376
351;CAMPIONAT DE CATALUNYA DE SEGONA DIVISIO SENIOR;1376;CAMPIONAT DE CATALUNYA 2a DIV. SEN FEM;3657;PRIMERA FASE - GRUP A;primera-fase-grup-a;https://resultadosvoleibol.isquad.es/competicion_completa.php?seleccion=0&id=3656&id_ambito=0&id_territorial=17&id_superficie=1&iframe=0&id_categoria=351&id_competicion=1376
351;CAMPIONAT DE CATALUNYA DE SEGONA DIVISIO SENIOR;1376;CAMPIONAT DE CATALUNYA 2a DIV. SEN FEM;3658;PRIMERA FASE - GRUP B;primera-fase-grup-b;https://resultadosvoleibol.isquad.es/competicion_completa.php?seleccion=0&id=3656&id_ambito=0&id_territorial=17&id_superficie=1&iframe=0&id_categoria=351&id_competicion=1376
351;CAMPIONAT DE CATALUNYA DE SEGONA DIVISIO SENIOR;1376;CAMPIONAT DE CATALUNYA 2a DIV. SEN FEM;3659;PRIMERA FASE - GRUP D;primera-fase-grup-d;https://resultadosvoleibol.isquad.es/competicion_completa.php?seleccion=0&id=3656&id_ambito=0&id_territorial=17&id_superficie=1&iframe=0&id_categoria=351&id_competicion=1376
351;CAMPIONAT DE CATALUNYA DE SEGONA DIVISIO SENIOR;1377;CAMPIONAT DE CATALUNYA 2a DIV. SEN MASC;3660;PRIMERA FASE - GRUP A;primera-fase-grup-a;https://resultadosvoleibol.isquad.es/competicion_completa.php?seleccion=0&id=3660&id_ambito=0&id_territorial=17&id_superficie=1&iframe=0&id_categoria=351&id_competicion=1377
351;CAMPIONAT DE CATALUNYA DE SEGONA DIVISIO SENIOR;1377;CAMPIONAT DE CATALUNYA 2a DIV. SEN MASC;3661;PRIMERA FASE - GRUP B;primera-fase-grup-b;https://resultadosvoleibol.isquad.es/competicion_completa.php?seleccion=0&id=3660&id_ambito=0&id_territorial=17&id_superficie=1&iframe=0&id_categoria=351&id_competicion=1377
351;CAMPIONAT DE CATALUNYA DE SEGONA DIVISIO SENIOR;1377;CAMPIONAT DE CATALUNYA 2a DIV. SEN MASC;3662;PRIMERA FASE - GRUP C;primera-fase-grup-c;https://resultadosvoleibol.isquad.es/competicion_completa.php?seleccion=0&id=3660&id_ambito=0&id_territorial=17&id_superficie=1&iframe=0&id_categoria=351&id_competicion=1377
351;CAMPIONAT DE CATALUNYA DE SEGONA DIVISIO SENIOR;1377;CAMPIONAT DE CATALUNYA 2a DIV. SEN MASC;3663;PRIMERA FASE - GRUP D;primera-fase-grup-d;https://resultadosvoleibol.isquad.es/competicion_completa.php?seleccion=0&id=3660&id_ambito=0&id_territorial=17&id_superficie=1&iframe=0&id_categoria=351&id_competicion=1377
352;CAMPIONAT DE CATALUNYA DE TERCERA DIVISIO SENIOR;1378;CAMPIONAT DE CATALUNYA 3a DIV. SEN FEM;3664;PRIMERA FASE - GRUP A;primera-fase-grup-a;https://resultadosvoleibol.isquad.es/competicion_completa.php?seleccion=0&id=3664&id_ambito=0&id_territorial=17&id_superficie=1&iframe=0&id_categoria=352&id_competicion=1378
352;CAMPIONAT DE CATALUNYA DE TERCERA DIVISIO SENIOR;1378;CAMPIONAT DE CATALUNYA 3a DIV. SEN FEM;3665;PRIMERA FASE - GRUP B;primera-fase-grup-b;https://resultadosvoleibol.isquad.es/competicion_completa.php?seleccion=0&id=3664&id_ambito=0&id_territorial=17&id_superficie=1&iframe=0&id_categoria=352&id_competicion=1378
352;CAMPIONAT DE CATALUNYA DE TERCERA DIVISIO SENIOR;1378;CAMPIONAT DE CATALUNYA 3a DIV. SEN FEM;3666;PRIMERA FASE - GRUP C;primera-fase-grup-c;https://resultadosvoleibol.isquad.es/competicion_completa.php?seleccion=0&id=3664&id_ambito=0&id_territorial=17&id_superficie=1&iframe=0&id_categoria=352&id_competicion=1378
352;CAMPIONAT DE CATALUNYA DE TERCERA DIVISIO SENIOR;1378;CAMPIONAT DE CATALUNYA 3a DIV. SEN FEM;3667;PRIMERA FASE - GRUP D;primera-fase-grup-d;https://resultadosvoleibol.isquad.es/competicion_completa.php?seleccion=0&id=3664&id_ambito=0&id_territorial=17&id_superficie=1&iframe=0&id_categoria=352&id_competicion=1378
352;CAMPIONAT DE CATALUNYA DE TERCERA DIVISIO SENIOR;1379;CAMPIONAT DE CATALUNYA 3a DIV. SEN MASC;4077;PRIMERA FASE - GRUP A;primera-fase-grup-a;https://resultadosvoleibol.isquad.es/competicion_completa.php?seleccion=0&id=4077&id_ambito=0&id_territorial=17&id_superficie=1&iframe=0&id_categoria=352&id_competicion=1379
352;CAMPIONAT DE CATALUNYA DE TERCERA DIVISIO SENIOR;1379;CAMPIONAT DE CATALUNYA 3a DIV. SEN MASC;4078;PRIMERA FASE - GRUP B;primera-fase-grup-b;https://resultadosvoleibol.isquad.es/competicion_completa.php?seleccion=0&id=4077&id_ambito=0&id_territorial=17&id_superficie=1&iframe=0&id_categoria=352&id_competicion=1379
352;CAMPIONAT DE CATALUNYA DE TERCERA DIVISIO SENIOR;1379;CAMPIONAT DE CATALUNYA 3a DIV. SEN MASC;4079;PRIMERA FASE - GRUP C;primera-fase-grup-c;https://resultadosvoleibol.isquad.es/competicion_completa.php?seleccion=0&id=4077&id_ambito=0&id_territorial=17&id_superficie=1&iframe=0&id_categoria=352&id_competicion=1379
352;CAMPIONAT DE CATALUNYA DE TERCERA DIVISIO SENIOR;1379;CAMPIONAT DE CATALUNYA 3a DIV. SEN MASC;4082;PRIMERA FASE - GRUP D;primera-fase-grup-d;https://resultadosvoleibol.isquad.es/competicion_completa.php?seleccion=0&id=4077&id_ambito=0&id_territorial=17&id_superficie=1&iframe=0&id_categoria=352&id_competicion=1379
352;CAMPIONAT DE CATALUNYA DE TERCERA DIVISIO SENIOR;1379;CAMPIONAT DE CATALUNYA 3a DIV. SEN MASC;4086;PRIMERA FASE - GRUP E;primera-fase-grup-e;https://resultadosvoleibol.isquad.es/competicion_completa.php?seleccion=0&id=4077&id_ambito=0&id_territorial=17&id_superficie=1&iframe=0&id_categoria=352&id_competicion=1379
352;CAMPIONAT DE CATALUNYA DE TERCERA DIVISIO SENIOR;1379;CAMPIONAT DE CATALUNYA 3a DIV. SEN MASC;4088;PRIMERA FASE - GRUP F;primera-fase-grup-f;https://resultadosvoleibol.isquad.es/competicion_completa.php?seleccion=0&id=4077&id_ambito=0&id_territorial=17&id_superficie=1&iframe=0&id_categoria=352&id_competicion=1379
352;CAMPIONAT DE CATALUNYA DE TERCERA DIVISIO SENIOR;1379;CAMPIONAT DE CATALUNYA 3a DIV. SEN MASC;4089;PRIMERA FASE - GRUP G;primera-fase-grup-g;https://resultadosvoleibol.isquad.es/competicion_completa.php?seleccion=0&id=4077&id_ambito=0&id_territorial=17&id_superficie=1&iframe=0&id_categoria=352&id_competicion=1379
352;CAMPIONAT DE CATALUNYA DE TERCERA DIVISIO SENIOR;1379;CAMPIONAT DE CATALUNYA 3a DIV. SEN MASC;4090;PRIMERA FASE - GRUP H;primera-fase-grup-h;https://resultadosvoleibol.isquad.es/competicion_completa.php?seleccion=0&id=4077&id_ambito=0&id_territorial=17&id_superficie=1&iframe=0&id_categoria=352&id_competicion=1379
353;CAMPIONAT DE CATALUNYA DE QUARTA DIVISIO SENIOR;1380;CAMPIONAT DE CATALUNYA 4a DIV. SEN FEM;4066;PRIMERA FASE - GRUP A;primera-fase-grup-a;https://resultadosvoleibol.isquad.es/competicion_completa.php?seleccion=0&id=4066&id_ambito=0&id_territorial=17&id_superficie=1&iframe=0&id_categoria=353&id_competicion=1380
353;CAMPIONAT DE CATALUNYA DE QUARTA DIVISIO SENIOR;1380;CAMPIONAT DE CATALUNYA 4a DIV. SEN FEM;4067;PRIMERA FASE - GRUP B;primera-fase-grup-b;https://resultadosvoleibol.isquad.es/competicion_completa.php?seleccion=0&id=4066&id_ambito=0&id_territorial=17&id_superficie=1&iframe=0&id_categoria=353&id_competicion=1380
353;CAMPIONAT DE CATALUNYA DE QUARTA DIVISIO SENIOR;1380;CAMPIONAT DE CATALUNYA 4a DIV. SEN FEM;4068;PRIMERA FASE - GRUP C;primera-fase-grup-c;https://resultadosvoleibol.isquad.es/competicion_completa.php?seleccion=0&id=4066&id_ambito=0&id_territorial=17&id_superficie=1&iframe=0&id_categoria=353&id_competicion=1380
353;CAMPIONAT DE CATALUNYA DE QUARTA DIVISIO SENIOR;1380;CAMPIONAT DE CATALUNYA 4a DIV. SEN FEM;4069;PRIMERA FASE - GRUP D;primera-fase-grup-d;https://resultadosvoleibol.isquad.es/competicion_completa.php?seleccion=0&id=4066&id_ambito=0&id_territorial=17&id_superficie=1&iframe=0&id_categoria=353&id_competicion=1380
353;CAMPIONAT DE CATALUNYA DE QUARTA DIVISIO SENIOR;1380;CAMPIONAT DE CATALUNYA 4a DIV. SEN FEM;4070;PRIMERA FASE - GRUP E;primera-fase-grup-e;https://resultadosvoleibol.isquad.es/competicion_completa.php?seleccion=0&id=4066&id_ambito=0&id_territorial=17&id_superficie=1&iframe=0&id_categoria=353&id_competicion=1380
353;CAMPIONAT DE CATALUNYA DE QUARTA DIVISIO SENIOR;1380;CAMPIONAT DE CATALUNYA 4a DIV. SEN FEM;4071;PRIMERA FASE - GRUP F;primera-fase-grup-f;https://resultadosvoleibol.isquad.es/competicion_completa.php?seleccion=0&id=4066&id_ambito=0&id_territorial=17&id_superficie=1&iframe=0&id_categoria=353&id_competicion=1380
353;CAMPIONAT DE CATALUNYA DE QUARTA DIVISIO SENIOR;1380;CAMPIONAT DE CATALUNYA 4a DIV. SEN FEM;4072;PRIMERA FASE - GRUP G;primera-fase-grup-g;https://resultadosvoleibol.isquad.es/competicion_completa.php?seleccion=0&id=4066&id_ambito=0&id_territorial=17&id_superficie=1&iframe=0&id_categoria=353&id_competicion=1380
353;CAMPIONAT DE CATALUNYA DE QUARTA DIVISIO SENIOR;1380;CAMPIONAT DE CATALUNYA 4a DIV. SEN FEM;4073;PRIMERA FASE - GRUP H;primera-fase-grup-h;https://resultadosvoleibol.isquad.es/competicion_completa.php?seleccion=0&id=4066&id_ambito=0&id_territorial=17&id_superficie=1&iframe=0&id_categoria=353&id_competicion=1380
353;CAMPIONAT DE CATALUNYA DE QUARTA DIVISIO SENIOR;1380;CAMPIONAT DE CATALUNYA 4a DIV. SEN FEM;4074;PRIMERA FASE - GRUP I;primera-fase-grup-i;https://resultadosvoleibol.isquad.es/competicion_completa.php?seleccion=0&id=4066&id_ambito=0&id_territorial=17&id_superficie=1&iframe=0&id_categoria=353&id_competicion=1380
354;CAMPIONAT DE CATALUNYA DE PRIMERA DIVISIO JUNIOR;1381;CAMPIONAT DE CATALUNYA 1a DIV. JUNIOR FEM;3669;PRIMERA FASE - GRUP B;primera-fase-grup-b;https://resultadosvoleibol.isquad.es/competicion_completa.php?seleccion=0&id=3669&id_ambito=0&id_territorial=17&id_superficie=1&iframe=0&id_categoria=354&id_competicion=1381
354;CAMPIONAT DE CATALUNYA DE PRIMERA DIVISIO JUNIOR;1381;CAMPIONAT DE CATALUNYA 1a DIV. JUNIOR FEM;3693;PRIMERA FASE - GRUP A;primera-fase-grup-a;https://resultadosvoleibol.isquad.es/competicion_completa.php?seleccion=0&id=3669&id_ambito=0&id_territorial=17&id_superficie=1&iframe=0&id_categoria=354&id_competicion=1381
354;CAMPIONAT DE CATALUNYA DE PRIMERA DIVISIO JUNIOR;1382;CAMPIONAT DE CATALUNYA 1a DIV. JUNIOR MASC;3671;PRIMERA FASE - GRUP A;primera-fase-grup-a;https://resultadosvoleibol.isquad.es/competicion_completa.php?seleccion=0&id=3671&id_ambito=0&id_territorial=17&id_superficie=1&iframe=0&id_categoria=354&id_competicion=1382
354;CAMPIONAT DE CATALUNYA DE PRIMERA DIVISIO JUNIOR;1382;CAMPIONAT DE CATALUNYA 1a DIV. JUNIOR MASC;3672;PRIMERA FASE - GRUP B;primera-fase-grup-b;https://resultadosvoleibol.isquad.es/competicion_completa.php?seleccion=0&id=3671&id_ambito=0&id_territorial=17&id_superficie=1&iframe=0&id_categoria=354&id_competicion=1382
355;CAMPIONAT DE CATALUNYA DE SEGONA DIVISIO JUNIOR;1383;CAMPIONAT DE CATALUNYA 2a DIV. JUNIOR FEM;4095;PRIMERA FASE - GRUP A;primera-fase-grup-a;https://resultadosvoleibol.isquad.es/competicion_completa.php?seleccion=0&id=4095&id_ambito=0&id_territorial=17&id_superficie=1&iframe=0&id_categoria=355&id_competicion=1383
355;CAMPIONAT DE CATALUNYA DE SEGONA DIVISIO JUNIOR;1383;CAMPIONAT DE CATALUNYA 2a DIV. JUNIOR FEM;4096;PRIMERA FASE - GRUP B;primera-fase-grup-b;https://resultadosvoleibol.isquad.es/competicion_completa.php?seleccion=0&id=4095&id_ambito=0&id_territorial=17&id_superficie=1&iframe=0&id_categoria=355&id_competicion=1383
355;CAMPIONAT DE CATALUNYA DE SEGONA DIVISIO JUNIOR;1383;CAMPIONAT DE CATALUNYA 2a DIV. JUNIOR FEM;4097;PRIMERA FASE - GRUP C;primera-fase-grup-c;https://resultadosvoleibol.isquad.es/competicion_completa.php?seleccion=0&id=4095&id_ambito=0&id_territorial=17&id_superficie=1&iframe=0&id_categoria=355&id_competicion=1383
355;CAMPIONAT DE CATALUNYA DE SEGONA DIVISIO JUNIOR;1383;CAMPIONAT DE CATALUNYA 2a DIV. JUNIOR FEM;4098;PRIMERA FASE - GRUP D;primera-fase-grup-d;https://resultadosvoleibol.isquad.es/competicion_completa.php?seleccion=0&id=4095&id_ambito=0&id_territorial=17&id_superficie=1&iframe=0&id_categoria=355&id_competicion=1383
355;CAMPIONAT DE CATALUNYA DE SEGONA DIVISIO JUNIOR;1383;CAMPIONAT DE CATALUNYA 2a DIV. JUNIOR FEM;4099;PRIMERA FASE - GRUP E;primera-fase-grup-e;https://resultadosvoleibol.isquad.es/competicion_completa.php?seleccion=0&id=4095&id_ambito=0&id_territorial=17&id_superficie=1&iframe=0&id_categoria=355&id_competicion=1383
355;CAMPIONAT DE CATALUNYA DE SEGONA DIVISIO JUNIOR;1383;CAMPIONAT DE CATALUNYA 2a DIV. JUNIOR FEM;4100;PRIMERA FASE - GRUP F;primera-fase-grup-f;https://resultadosvoleibol.isquad.es/competicion_completa.php?seleccion=0&id=4095&id_ambito=0&id_territorial=17&id_superficie=1&iframe=0&id_categoria=355&id_competicion=1383
355;CAMPIONAT DE CATALUNYA DE SEGONA DIVISIO JUNIOR;1383;CAMPIONAT DE CATALUNYA 2a DIV. JUNIOR FEM;4101;PRIMERA FASE - GRUP G;primera-fase-grup-g;https://resultadosvoleibol.isquad.es/competicion_completa.php?seleccion=0&id=4095&id_ambito=0&id_territorial=17&id_superficie=1&iframe=0&id_categoria=355&id_competicion=1383
355;CAMPIONAT DE CATALUNYA DE SEGONA DIVISIO JUNIOR;1384;CAMPIONAT DE CATALUNYA 2a DIV. JUNIOR MASC;4112;PRIMERA FASE - GRUP A;primera-fase-grup-a;https://resultadosvoleibol.isquad.es/competicion_completa.php?seleccion=0&id=4112&id_ambito=0&id_territorial=17&id_superficie=1&iframe=0&id_categoria=355&id_competicion=1384
355;CAMPIONAT DE CATALUNYA DE SEGONA DIVISIO JUNIOR;1384;CAMPIONAT DE CATALUNYA 2a DIV. JUNIOR MASC;4113;PRIMERA FASE - GRUP B;primera-fase-grup-b;https://resultadosvoleibol.isquad.es/competicion_completa.php?seleccion=0&id=4112&id_ambito=0&id_territorial=17&id_superficie=1&iframe=0&id_categoria=355&id_competicion=1384
356;CAMPIONAT DE CATALUNYA DE PRIMERA DIVISIO JUVENIL;1385;CAMPIONAT DE CATALUNYA 1a DIV. JUV FEM;3673;PRIMERA FASE - GRUP A;primera-fase-grup-a;https://resultadosvoleibol.isquad.es/competicion_completa.php?seleccion=0&id=3673&id_ambito=0&id_territorial=17&id_superficie=1&iframe=0&id_categoria=356&id_competicion=1385
356;CAMPIONAT DE CATALUNYA DE PRIMERA DIVISIO JUVENIL;1385;CAMPIONAT DE CATALUNYA 1a DIV. JUV FEM;3674;PRIMERA FASE - GRUP B;primera-fase-grup-b;https://resultadosvoleibol.isquad.es/competicion_completa.php?seleccion=0&id=3673&id_ambito=0&id_territorial=17&id_superficie=1&iframe=0&id_categoria=356&id_competicion=1385
356;CAMPIONAT DE CATALUNYA DE PRIMERA DIVISIO JUVENIL;1386;CAMPIONAT DE CATALUNYA 1a DIV. JUV MASC;3675;PRIMERA FASE - GRUP A;primera-fase-grup-a;https://resultadosvoleibol.isquad.es/competicion_completa.php?seleccion=0&id=3675&id_ambito=0&id_territorial=17&id_superficie=1&iframe=0&id_categoria=356&id_competicion=1386
356;CAMPIONAT DE CATALUNYA DE PRIMERA DIVISIO JUVENIL;1386;CAMPIONAT DE CATALUNYA 1a DIV. JUV MASC;3676;PRIMERA FASE - GRUP B;primera-fase-grup-b;https://resultadosvoleibol.isquad.es/competicion_completa.php?seleccion=0&id=3675&id_ambito=0&id_territorial=17&id_superficie=1&iframe=0&id_categoria=356&id_competicion=1386
357;CAMPIONAT DE CATALUNYA DE SEGONA DIVISIO JUVENIL;1387;CAMPIONAT DE CATALUNYA 2a DIV. JUV FEM;3685;PRIMERA FASE - GRUP A;primera-fase-grup-a;https://resultadosvoleibol.isquad.es/competicion_completa.php?seleccion=0&id=3685&id_ambito=0&id_territorial=17&id_superficie=1&iframe=0&id_categoria=357&id_competicion=1387
357;CAMPIONAT DE CATALUNYA DE SEGONA DIVISIO JUVENIL;1387;CAMPIONAT DE CATALUNYA 2a DIV. JUV FEM;3686;PRIMERA FASE - GRUP B;primera-fase-grup-b;https://resultadosvoleibol.isquad.es/competicion_completa.php?seleccion=0&id=3685&id_ambito=0&id_territorial=17&id_superficie=1&iframe=0&id_categoria=357&id_competicion=1387
357;CAMPIONAT DE CATALUNYA DE SEGONA DIVISIO JUVENIL;1387;CAMPIONAT DE CATALUNYA 2a DIV. JUV FEM;3687;PRIMERA FASE - GRUP C;primera-fase-grup-c;https://resultadosvoleibol.isquad.es/competicion_completa.php?seleccion=0&id=3685&id_ambito=0&id_territorial=17&id_superficie=1&iframe=0&id_categoria=357&id_competicion=1387
357;CAMPIONAT DE CATALUNYA DE SEGONA DIVISIO JUVENIL;1387;CAMPIONAT DE CATALUNYA 2a DIV. JUV FEM;3688;PRIMERA FASE - GRUP D;primera-fase-grup-d;https://resultadosvoleibol.isquad.es/competicion_completa.php?seleccion=0&id=3685&id_ambito=0&id_territorial=17&id_superficie=1&iframe=0&id_categoria=357&id_competicion=1387
357;CAMPIONAT DE CATALUNYA DE SEGONA DIVISIO JUVENIL;1388;CAMPIONAT DE CATALUNYA 2a DIV. JUV MASC;4193;PRIMERA FASE - GRUP A;primera-fase-grup-a;https://resultadosvoleibol.isquad.es/competicion_completa.php?seleccion=0&id=4193&id_ambito=0&id_territorial=17&id_superficie=1&iframe=0&id_categoria=357&id_competicion=1388
357;CAMPIONAT DE CATALUNYA DE SEGONA DIVISIO JUVENIL;1388;CAMPIONAT DE CATALUNYA 2a DIV. JUV MASC;4194;PRIMERA FASE - GRUP B;primera-fase-grup-b;https://resultadosvoleibol.isquad.es/competicion_completa.php?seleccion=0&id=4193&id_ambito=0&id_territorial=17&id_superficie=1&iframe=0&id_categoria=357&id_competicion=1388
357;CAMPIONAT DE CATALUNYA DE SEGONA DIVISIO JUVENIL;1388;CAMPIONAT DE CATALUNYA 2a DIV. JUV MASC;4195;PRIMERA FASE - GRUP C;primera-fase-grup-c;https://resultadosvoleibol.isquad.es/competicion_completa.php?seleccion=0&id=4193&id_ambito=0&id_territorial=17&id_superficie=1&iframe=0&id_categoria=357&id_competicion=1388
357;CAMPIONAT DE CATALUNYA DE SEGONA DIVISIO JUVENIL;1388;CAMPIONAT DE CATALUNYA 2a DIV. JUV MASC;4196;PRIMERA FASE - GRUP D;primera-fase-grup-d;https://resultadosvoleibol.isquad.es/competicion_completa.php?seleccion=0&id=4193&id_ambito=0&id_territorial=17&id_superficie=1&iframe=0&id_categoria=357&id_competicion=1388
357;CAMPIONAT DE CATALUNYA DE SEGONA DIVISIO JUVENIL;1388;CAMPIONAT DE CATALUNYA 2a DIV. JUV MASC;4197;PRIMERA FASE - GRUP E;primera-fase-grup-e;https://resultadosvoleibol.isquad.es/competicion_completa.php?seleccion=0&id=4193&id_ambito=0&id_territorial=17&id_superficie=1&iframe=0&id_categoria=357&id_competicion=1388
357;CAMPIONAT DE CATALUNYA DE SEGONA DIVISIO JUVENIL;1388;CAMPIONAT DE CATALUNYA 2a DIV. JUV MASC;4198;PRIMERA FASE - GRUP F;primera-fase-grup-f;https://resultadosvoleibol.isquad.es/competicion_completa.php?seleccion=0&id=4193&id_ambito=0&id_territorial=17&id_superficie=1&iframe=0&id_categoria=357&id_competicion=1388
357;CAMPIONAT DE CATALUNYA DE SEGONA DIVISIO JUVENIL;1388;CAMPIONAT DE CATALUNYA 2a DIV. JUV MASC;4199;PRIMERA FASE - GRUP G;primera-fase-grup-g;https://resultadosvoleibol.isquad.es/competicion_completa.php?seleccion=0&id=4193&id_ambito=0&id_territorial=17&id_superficie=1&iframe=0&id_categoria=357&id_competicion=1388
358;CAMPIONAT DE CATALUNYA DE TERCERA DIVISIO JUVENIL;1389;CAMPIONAT DE CATALUNYA 3a DIV. JUV FEM;4114;PRIMERA FASE - GRUP A;primera-fase-grup-a;https://resultadosvoleibol.isquad.es/competicion_completa.php?seleccion=0&id=4114&id_ambito=0&id_territorial=17&id_superficie=1&iframe=0&id_categoria=358&id_competicion=1389
358;CAMPIONAT DE CATALUNYA DE TERCERA DIVISIO JUVENIL;1389;CAMPIONAT DE CATALUNYA 3a DIV. JUV FEM;4118;PRIMERA FASE - GRUP B;primera-fase-grup-b;https://resultadosvoleibol.isquad.es/competicion_completa.php?seleccion=0&id=4114&id_ambito=0&id_territorial=17&id_superficie=1&iframe=0&id_categoria=358&id_competicion=1389
358;CAMPIONAT DE CATALUNYA DE TERCERA DIVISIO JUVENIL;1389;CAMPIONAT DE CATALUNYA 3a DIV. JUV FEM;4119;PRIMERA FASE - GRUP C;primera-fase-grup-c;https://resultadosvoleibol.isquad.es/competicion_completa.php?seleccion=0&id=4114&id_ambito=0&id_territorial=17&id_superficie=1&iframe=0&id_categoria=358&id_competicion=1389
358;CAMPIONAT DE CATALUNYA DE TERCERA DIVISIO JUVENIL;1389;CAMPIONAT DE CATALUNYA 3a DIV. JUV FEM;4120;PRIMERA FASE - GRUP D;primera-fase-grup-d;https://resultadosvoleibol.isquad.es/competicion_completa.php?seleccion=0&id=4114&id_ambito=0&id_territorial=17&id_superficie=1&iframe=0&id_categoria=358&id_competicion=1389
358;CAMPIONAT DE CATALUNYA DE TERCERA DIVISIO JUVENIL;1389;CAMPIONAT DE CATALUNYA 3a DIV. JUV FEM;4121;PRIMERA FASE - GRUP E;primera-fase-grup-e;https://resultadosvoleibol.isquad.es/competicion_completa.php?seleccion=0&id=4114&id_ambito=0&id_territorial=17&id_superficie=1&iframe=0&id_categoria=358&id_competicion=1389
358;CAMPIONAT DE CATALUNYA DE TERCERA DIVISIO JUVENIL;1389;CAMPIONAT DE CATALUNYA 3a DIV. JUV FEM;4122;PRIMERA FASE - GRUP F;primera-fase-grup-f;https://resultadosvoleibol.isquad.es/competicion_completa.php?seleccion=0&id=4114&id_ambito=0&id_territorial=17&id_superficie=1&iframe=0&id_categoria=358&id_competicion=1389
358;CAMPIONAT DE CATALUNYA DE TERCERA DIVISIO JUVENIL;1389;CAMPIONAT DE CATALUNYA 3a DIV. JUV FEM;4123;PRIMERA FASE - GRUP G;primera-fase-grup-g;https://resultadosvoleibol.isquad.es/competicion_completa.php?seleccion=0&id=4114&id_ambito=0&id_territorial=17&id_superficie=1&iframe=0&id_categoria=358&id_competicion=1389
358;CAMPIONAT DE CATALUNYA DE TERCERA DIVISIO JUVENIL;1389;CAMPIONAT DE CATALUNYA 3a DIV. JUV FEM;4124;PRIMERA FASE - GRUP H;primera-fase-grup-h;https://resultadosvoleibol.isquad.es/competicion_completa.php?seleccion=0&id=4114&id_ambito=0&id_territorial=17&id_superficie=1&iframe=0&id_categoria=358&id_competicion=1389
359;CAMPIONAT DE CATALUNYA DE QUARTA DIVISIO JUVENIL;1390;CAMPIONAT DE CATALUNYA 4a DIV. JUV FEM;4152;PRIMERA FASE - GRUP A;primera-fase-grup-a;https://resultadosvoleibol.isquad.es/competicion_completa.php?seleccion=0&id=4152&id_ambito=0&id_territorial=17&id_superficie=1&iframe=0&id_categoria=359&id_competicion=1390
359;CAMPIONAT DE CATALUNYA DE QUARTA DIVISIO JUVENIL;1390;CAMPIONAT DE CATALUNYA 4a DIV. JUV FEM;4153;PRIMERA FASE - GRUP B;primera-fase-grup-b;https://resultadosvoleibol.isquad.es/competicion_completa.php?seleccion=0&id=4152&id_ambito=0&id_territorial=17&id_superficie=1&iframe=0&id_categoria=359&id_competicion=1390
359;CAMPIONAT DE CATALUNYA DE QUARTA DIVISIO JUVENIL;1390;CAMPIONAT DE CATALUNYA 4a DIV. JUV FEM;4154;PRIMERA FASE - GRUP C;primera-fase-grup-c;https://resultadosvoleibol.isquad.es/competicion_completa.php?seleccion=0&id=4152&id_ambito=0&id_territorial=17&id_superficie=1&iframe=0&id_categoria=359&id_competicion=1390
359;CAMPIONAT DE CATALUNYA DE QUARTA DIVISIO JUVENIL;1390;CAMPIONAT DE CATALUNYA 4a DIV. JUV FEM;4155;PRIMERA FASE - GRUP D;primera-fase-grup-d;https://resultadosvoleibol.isquad.es/competicion_completa.php?seleccion=0&id=4152&id_ambito=0&id_territorial=17&id_superficie=1&iframe=0&id_categoria=359&id_competicion=1390
359;CAMPIONAT DE CATALUNYA DE QUARTA DIVISIO JUVENIL;1390;CAMPIONAT DE CATALUNYA 4a DIV. JUV FEM;4156;PRIMERA FASE - GRUP E;primera-fase-grup-e;https://resultadosvoleibol.isquad.es/competicion_completa.php?seleccion=0&id=4152&id_ambito=0&id_territorial=17&id_superficie=1&iframe=0&id_categoria=359&id_competicion=1390
359;CAMPIONAT DE CATALUNYA DE QUARTA DIVISIO JUVENIL;1390;CAMPIONAT DE CATALUNYA 4a DIV. JUV FEM;4157;PRIMERA FASE - GRUP F;primera-fase-grup-f;https://resultadosvoleibol.isquad.es/competicion_completa.php?seleccion=0&id=4152&id_ambito=0&id_territorial=17&id_superficie=1&iframe=0&id_categoria=359&id_competicion=1390
359;CAMPIONAT DE CATALUNYA DE QUARTA DIVISIO JUVENIL;1390;CAMPIONAT DE CATALUNYA 4a DIV. JUV FEM;4158;PRIMERA FASE - GRUP G;primera-fase-grup-g;https://resultadosvoleibol.isquad.es/competicion_completa.php?seleccion=0&id=4152&id_ambito=0&id_territorial=17&id_superficie=1&iframe=0&id_categoria=359&id_competicion=1390
359;CAMPIONAT DE CATALUNYA DE QUARTA DIVISIO JUVENIL;1390;CAMPIONAT DE CATALUNYA 4a DIV. JUV FEM;4159;PRIMERA FASE - GRUP H;primera-fase-grup-h;https://resultadosvoleibol.isquad.es/competicion_completa.php?seleccion=0&id=4152&id_ambito=0&id_territorial=17&id_superficie=1&iframe=0&id_categoria=359&id_competicion=1390
359;CAMPIONAT DE CATALUNYA DE QUARTA DIVISIO JUVENIL;1390;CAMPIONAT DE CATALUNYA 4a DIV. JUV FEM;4160;PRIMERA FASE - GRUP I;primera-fase-grup-i;https://resultadosvoleibol.isquad.es/competicion_completa.php?seleccion=0&id=4152&id_ambito=0&id_territorial=17&id_superficie=1&iframe=0&id_categoria=359&id_competicion=1390
359;CAMPIONAT DE CATALUNYA DE QUARTA DIVISIO JUVENIL;1390;CAMPIONAT DE CATALUNYA 4a DIV. JUV FEM;4161;PRIMERA FASE - GRUP J;primera-fase-grup-j;https://resultadosvoleibol.isquad.es/competicion_completa.php?seleccion=0&id=4152&id_ambito=0&id_territorial=17&id_superficie=1&iframe=0&id_categoria=359&id_competicion=1390
359;CAMPIONAT DE CATALUNYA DE QUARTA DIVISIO JUVENIL;1390;CAMPIONAT DE CATALUNYA 4a DIV. JUV FEM;4162;PRIMERA FASE - GRUP K;primera-fase-grup-k;https://resultadosvoleibol.isquad.es/competicion_completa.php?seleccion=0&id=4152&id_ambito=0&id_territorial=17&id_superficie=1&iframe=0&id_categoria=359&id_competicion=1390
359;CAMPIONAT DE CATALUNYA DE QUARTA DIVISIO JUVENIL;1390;CAMPIONAT DE CATALUNYA 4a DIV. JUV FEM;4163;PRIMERA FASE - GRUP L;primera-fase-grup-l;https://resultadosvoleibol.isquad.es/competicion_completa.php?seleccion=0&id=4152&id_ambito=0&id_territorial=17&id_superficie=1&iframe=0&id_categoria=359&id_competicion=1390
359;CAMPIONAT DE CATALUNYA DE QUARTA DIVISIO JUVENIL;1390;CAMPIONAT DE CATALUNYA 4a DIV. JUV FEM;4164;PRIMERA FASE - GRUP M;primera-fase-grup-m;https://resultadosvoleibol.isquad.es/competicion_completa.php?seleccion=0&id=4152&id_ambito=0&id_territorial=17&id_superficie=1&iframe=0&id_categoria=359&id_competicion=1390
359;CAMPIONAT DE CATALUNYA DE QUARTA DIVISIO JUVENIL;1390;CAMPIONAT DE CATALUNYA 4a DIV. JUV FEM;4165;PRIMERA FASE - GRUP N;primera-fase-grup-n;https://resultadosvoleibol.isquad.es/competicion_completa.php?seleccion=0&id=4152&id_ambito=0&id_territorial=17&id_superficie=1&iframe=0&id_categoria=359&id_competicion=1390
360;CAMPIONAT DE CATALUNYA DE PRIMERA DIVISIO CADET;1391;CAMPIONAT DE CATALUNYA 1a DIV. CAD FEM;3677;PRIMERA FASE - GRUP A;primera-fase-grup-a;https://resultadosvoleibol.isquad.es/competicion_completa.php?seleccion=0&id=3677&id_ambito=0&id_territorial=17&id_superficie=1&iframe=0&id_categoria=360&id_competicion=1391
360;CAMPIONAT DE CATALUNYA DE PRIMERA DIVISIO CADET;1391;CAMPIONAT DE CATALUNYA 1a DIV. CAD FEM;3678;PRIMERA FASE - GRUP B;primera-fase-grup-b;https://resultadosvoleibol.isquad.es/competicion_completa.php?seleccion=0&id=3677&id_ambito=0&id_territorial=17&id_superficie=1&iframe=0&id_categoria=360&id_competicion=1391
360;CAMPIONAT DE CATALUNYA DE PRIMERA DIVISIO CADET;1392;CAMPIONAT DE CATALUNYA 1a DIV. CAD MASC;3679;PRIMERA FASE - GRUP A;primera-fase-grup-a;https://resultadosvoleibol.isquad.es/competicion_completa.php?seleccion=0&id=3679&id_ambito=0&id_territorial=17&id_superficie=1&iframe=0&id_categoria=360&id_competicion=1392
360;CAMPIONAT DE CATALUNYA DE PRIMERA DIVISIO CADET;1392;CAMPIONAT DE CATALUNYA 1a DIV. CAD MASC;3680;PRIMERA FASE - GRUP B;primera-fase-grup-b;https://resultadosvoleibol.isquad.es/competicion_completa.php?seleccion=0&id=3679&id_ambito=0&id_territorial=17&id_superficie=1&iframe=0&id_categoria=360&id_competicion=1392
361;CAMPIONAT DE CATALUNYA DE SEGONA DIVISIO CADET;1393;CAMPIONAT DE CATALUNYA 2a DIV. CAD FEM;3689;PRIMERA FASE - GRUP A;primera-fase-grup-a;https://resultadosvoleibol.isquad.es/competicion_completa.php?seleccion=0&id=3689&id_ambito=0&id_territorial=17&id_superficie=1&iframe=0&id_categoria=361&id_competicion=1393
361;CAMPIONAT DE CATALUNYA DE SEGONA DIVISIO CADET;1393;CAMPIONAT DE CATALUNYA 2a DIV. CAD FEM;3690;PRIMERA FASE - GRUP B;primera-fase-grup-b;https://resultadosvoleibol.isquad.es/competicion_completa.php?seleccion=0&id=3689&id_ambito=0&id_territorial=17&id_superficie=1&iframe=0&id_categoria=361&id_competicion=1393
361;CAMPIONAT DE CATALUNYA DE SEGONA DIVISIO CADET;1393;CAMPIONAT DE CATALUNYA 2a DIV. CAD FEM;3691;PRIMERA FASE - GRUP C;primera-fase-grup-c;https://resultadosvoleibol.isquad.es/competicion_completa.php?seleccion=0&id=3689&id_ambito=0&id_territorial=17&id_superficie=1&iframe=0&id_categoria=361&id_competicion=1393
361;CAMPIONAT DE CATALUNYA DE SEGONA DIVISIO CADET;1393;CAMPIONAT DE CATALUNYA 2a DIV. CAD FEM;3692;PRIMERA FASE - GRUP D;primera-fase-grup-d;https://resultadosvoleibol.isquad.es/competicion_completa.php?seleccion=0&id=3689&id_ambito=0&id_territorial=17&id_superficie=1&iframe=0&id_categoria=361&id_competicion=1393
361;CAMPIONAT DE CATALUNYA DE SEGONA DIVISIO CADET;1406;CAMPIONAT DE CATALUNYA 2A DIV. CAD MASC;4186;PRIMERA FASE - GRUP A;primera-fase-grup-a;https://resultadosvoleibol.isquad.es/competicion_completa.php?seleccion=0&id=4186&id_ambito=0&id_territorial=17&id_superficie=1&iframe=0&id_categoria=361&id_competicion=1406
361;CAMPIONAT DE CATALUNYA DE SEGONA DIVISIO CADET;1406;CAMPIONAT DE CATALUNYA 2A DIV. CAD MASC;4187;PRIMERA FASE - GRUP B;primera-fase-grup-b;https://resultadosvoleibol.isquad.es/competicion_completa.php?seleccion=0&id=4186&id_ambito=0&id_territorial=17&id_superficie=1&iframe=0&id_categoria=361&id_competicion=1406
361;CAMPIONAT DE CATALUNYA DE SEGONA DIVISIO CADET;1406;CAMPIONAT DE CATALUNYA 2A DIV. CAD MASC;4188;PRIMERA FASE - GRUP C;primera-fase-grup-c;https://resultadosvoleibol.isquad.es/competicion_completa.php?seleccion=0&id=4186&id_ambito=0&id_territorial=17&id_superficie=1&iframe=0&id_categoria=361&id_competicion=1406
361;CAMPIONAT DE CATALUNYA DE SEGONA DIVISIO CADET;1406;CAMPIONAT DE CATALUNYA 2A DIV. CAD MASC;4189;PRIMERA FASE - GRUP D;primera-fase-grup-d;https://resultadosvoleibol.isquad.es/competicion_completa.php?seleccion=0&id=4186&id_ambito=0&id_territorial=17&id_superficie=1&iframe=0&id_categoria=361&id_competicion=1406
361;CAMPIONAT DE CATALUNYA DE SEGONA DIVISIO CADET;1406;CAMPIONAT DE CATALUNYA 2A DIV. CAD MASC;4190;PRIMERA FASE - GRUP E;primera-fase-grup-e;https://resultadosvoleibol.isquad.es/competicion_completa.php?seleccion=0&id=4186&id_ambito=0&id_territorial=17&id_superficie=1&iframe=0&id_categoria=361&id_competicion=1406
361;CAMPIONAT DE CATALUNYA DE SEGONA DIVISIO CADET;1406;CAMPIONAT DE CATALUNYA 2A DIV. CAD MASC;4191;PRIMERA FASE - GRUP F;primera-fase-grup-f;https://resultadosvoleibol.isquad.es/competicion_completa.php?seleccion=0&id=4186&id_ambito=0&id_territorial=17&id_superficie=1&iframe=0&id_categoria=361&id_competicion=1406
361;CAMPIONAT DE CATALUNYA DE SEGONA DIVISIO CADET;1406;CAMPIONAT DE CATALUNYA 2A DIV. CAD MASC;4192;PRIMERA FASE - GRUP G;primera-fase-grup-g;https://resultadosvoleibol.isquad.es/competicion_completa.php?seleccion=0&id=4186&id_ambito=0&id_territorial=17&id_superficie=1&iframe=0&id_categoria=361&id_competicion=1406
362;CAMPIONAT DE CATALUNYA DE TERCERA DIVISIO CADET;1394;CAMPIONAT DE CATALUNYA 3a DIV. CAD FEM;4144;PRIMERA FASE - GRUP A;primera-fase-grup-a;https://resultadosvoleibol.isquad.es/competicion_completa.php?seleccion=0&id=4144&id_ambito=0&id_territorial=17&id_superficie=1&iframe=0&id_categoria=362&id_competicion=1394
362;CAMPIONAT DE CATALUNYA DE TERCERA DIVISIO CADET;1394;CAMPIONAT DE CATALUNYA 3a DIV. CAD FEM;4145;PRIMERA FASE - GRUP B;primera-fase-grup-b;https://resultadosvoleibol.isquad.es/competicion_completa.php?seleccion=0&id=4144&id_ambito=0&id_territorial=17&id_superficie=1&iframe=0&id_categoria=362&id_competicion=1394
362;CAMPIONAT DE CATALUNYA DE TERCERA DIVISIO CADET;1394;CAMPIONAT DE CATALUNYA 3a DIV. CAD FEM;4146;PRIMERA FASE - GRUP C;primera-fase-grup-c;https://resultadosvoleibol.isquad.es/competicion_completa.php?seleccion=0&id=4144&id_ambito=0&id_territorial=17&id_superficie=1&iframe=0&id_categoria=362&id_competicion=1394
362;CAMPIONAT DE CATALUNYA DE TERCERA DIVISIO CADET;1394;CAMPIONAT DE CATALUNYA 3a DIV. CAD FEM;4147;PRIMERA FASE - GRUP D;primera-fase-grup-d;https://resultadosvoleibol.isquad.es/competicion_completa.php?seleccion=0&id=4144&id_ambito=0&id_territorial=17&id_superficie=1&iframe=0&id_categoria=362&id_competicion=1394
362;CAMPIONAT DE CATALUNYA DE TERCERA DIVISIO CADET;1394;CAMPIONAT DE CATALUNYA 3a DIV. CAD FEM;4148;PRIMERA FASE - GRUP E;primera-fase-grup-e;https://resultadosvoleibol.isquad.es/competicion_completa.php?seleccion=0&id=4144&id_ambito=0&id_territorial=17&id_superficie=1&iframe=0&id_categoria=362&id_competicion=1394
362;CAMPIONAT DE CATALUNYA DE TERCERA DIVISIO CADET;1394;CAMPIONAT DE CATALUNYA 3a DIV. CAD FEM;4149;PRIMERA FASE - GRUP F;primera-fase-grup-f;https://resultadosvoleibol.isquad.es/competicion_completa.php?seleccion=0&id=4144&id_ambito=0&id_territorial=17&id_superficie=1&iframe=0&id_categoria=362&id_competicion=1394
362;CAMPIONAT DE CATALUNYA DE TERCERA DIVISIO CADET;1394;CAMPIONAT DE CATALUNYA 3a DIV. CAD FEM;4150;PRIMERA FASE - GRUP G;primera-fase-grup-g;https://resultadosvoleibol.isquad.es/competicion_completa.php?seleccion=0&id=4144&id_ambito=0&id_territorial=17&id_superficie=1&iframe=0&id_categoria=362&id_competicion=1394
362;CAMPIONAT DE CATALUNYA DE TERCERA DIVISIO CADET;1394;CAMPIONAT DE CATALUNYA 3a DIV. CAD FEM;4151;PRIMERA FASE - GRUP H;primera-fase-grup-h;https://resultadosvoleibol.isquad.es/competicion_completa.php?seleccion=0&id=4144&id_ambito=0&id_territorial=17&id_superficie=1&iframe=0&id_categoria=362&id_competicion=1394
363;CAMPIONAT DE CATALUNYA DE QUARTA DIVISIO CADET;1395;CAMPIONAT DE CATALUNYA 4a DIV. CAD FEM;4172;PRIMERA FASE - GRUP A;primera-fase-grup-a;https://resultadosvoleibol.isquad.es/competicion_completa.php?seleccion=0&id=4172&id_ambito=0&id_territorial=17&id_superficie=1&iframe=0&id_categoria=363&id_competicion=1395
363;CAMPIONAT DE CATALUNYA DE QUARTA DIVISIO CADET;1395;CAMPIONAT DE CATALUNYA 4a DIV. CAD FEM;4173;PRIMERA FASE - GRUP B;primera-fase-grup-b;https://resultadosvoleibol.isquad.es/competicion_completa.php?seleccion=0&id=4172&id_ambito=0&id_territorial=17&id_superficie=1&iframe=0&id_categoria=363&id_competicion=1395
363;CAMPIONAT DE CATALUNYA DE QUARTA DIVISIO CADET;1395;CAMPIONAT DE CATALUNYA 4a DIV. CAD FEM;4174;PRIMERA FASE - GRUP C;primera-fase-grup-c;https://resultadosvoleibol.isquad.es/competicion_completa.php?seleccion=0&id=4172&id_ambito=0&id_territorial=17&id_superficie=1&iframe=0&id_categoria=363&id_competicion=1395
363;CAMPIONAT DE CATALUNYA DE QUARTA DIVISIO CADET;1395;CAMPIONAT DE CATALUNYA 4a DIV. CAD FEM;4175;PRIMERA FASE - GRUP D;primera-fase-grup-d;https://resultadosvoleibol.isquad.es/competicion_completa.php?seleccion=0&id=4172&id_ambito=0&id_territorial=17&id_superficie=1&iframe=0&id_categoria=363&id_competicion=1395
363;CAMPIONAT DE CATALUNYA DE QUARTA DIVISIO CADET;1395;CAMPIONAT DE CATALUNYA 4a DIV. CAD FEM;4176;PRIMERA FASE - GRUP E;primera-fase-grup-e;https://resultadosvoleibol.isquad.es/competicion_completa.php?seleccion=0&id=4172&id_ambito=0&id_territorial=17&id_superficie=1&iframe=0&id_categoria=363&id_competicion=1395
363;CAMPIONAT DE CATALUNYA DE QUARTA DIVISIO CADET;1395;CAMPIONAT DE CATALUNYA 4a DIV. CAD FEM;4177;PRIMERA FASE - GRUP F;primera-fase-grup-f;https://resultadosvoleibol.isquad.es/competicion_completa.php?seleccion=0&id=4172&id_ambito=0&id_territorial=17&id_superficie=1&iframe=0&id_categoria=363&id_competicion=1395
363;CAMPIONAT DE CATALUNYA DE QUARTA DIVISIO CADET;1395;CAMPIONAT DE CATALUNYA 4a DIV. CAD FEM;4178;PRIMERA FASE - GRUP G;primera-fase-grup-g;https://resultadosvoleibol.isquad.es/competicion_completa.php?seleccion=0&id=4172&id_ambito=0&id_territorial=17&id_superficie=1&iframe=0&id_categoria=363&id_competicion=1395
363;CAMPIONAT DE CATALUNYA DE QUARTA DIVISIO CADET;1395;CAMPIONAT DE CATALUNYA 4a DIV. CAD FEM;4179;PRIMERA FASE - GRUP H;primera-fase-grup-h;https://resultadosvoleibol.isquad.es/competicion_completa.php?seleccion=0&id=4172&id_ambito=0&id_territorial=17&id_superficie=1&iframe=0&id_categoria=363&id_competicion=1395
363;CAMPIONAT DE CATALUNYA DE QUARTA DIVISIO CADET;1395;CAMPIONAT DE CATALUNYA 4a DIV. CAD FEM;4180;PRIMERA FASE - GRUP I;primera-fase-grup-i;https://resultadosvoleibol.isquad.es/competicion_completa.php?seleccion=0&id=4172&id_ambito=0&id_territorial=17&id_superficie=1&iframe=0&id_categoria=363&id_competicion=1395
363;CAMPIONAT DE CATALUNYA DE QUARTA DIVISIO CADET;1395;CAMPIONAT DE CATALUNYA 4a DIV. CAD FEM;4181;PRIMERA FASE - GRUP J;primera-fase-grup-j;https://resultadosvoleibol.isquad.es/competicion_completa.php?seleccion=0&id=4172&id_ambito=0&id_territorial=17&id_superficie=1&iframe=0&id_categoria=363&id_competicion=1395
363;CAMPIONAT DE CATALUNYA DE QUARTA DIVISIO CADET;1395;CAMPIONAT DE CATALUNYA 4a DIV. CAD FEM;4182;PRIMERA FASE - GRUP K;primera-fase-grup-k;https://resultadosvoleibol.isquad.es/competicion_completa.php?seleccion=0&id=4172&id_ambito=0&id_territorial=17&id_superficie=1&iframe=0&id_categoria=363&id_competicion=1395
363;CAMPIONAT DE CATALUNYA DE QUARTA DIVISIO CADET;1395;CAMPIONAT DE CATALUNYA 4a DIV. CAD FEM;4183;PRIMERA FASE - GRUP L;primera-fase-grup-l;https://resultadosvoleibol.isquad.es/competicion_completa.php?seleccion=0&id=4172&id_ambito=0&id_territorial=17&id_superficie=1&iframe=0&id_categoria=363&id_competicion=1395
363;CAMPIONAT DE CATALUNYA DE QUARTA DIVISIO CADET;1395;CAMPIONAT DE CATALUNYA 4a DIV. CAD FEM;4184;PRIMERA FASE - GRUP M;primera-fase-grup-m;https://resultadosvoleibol.isquad.es/competicion_completa.php?seleccion=0&id=4172&id_ambito=0&id_territorial=17&id_superficie=1&iframe=0&id_categoria=363&id_competicion=1395
363;CAMPIONAT DE CATALUNYA DE QUARTA DIVISIO CADET;1395;CAMPIONAT DE CATALUNYA 4a DIV. CAD FEM;4185;PRIMERA FASE - GRUP N;primera-fase-grup-n;https://resultadosvoleibol.isquad.es/competicion_completa.php?seleccion=0&id=4172&id_ambito=0&id_territorial=17&id_superficie=1&iframe=0&id_categoria=363&id_competicion=1395
364;CAMPIONAT DE CATALUNYA DE JUVENIL PREFERENT;1400;CAMPIONAT DE CATALUNYA PREFERENT JUV FEM;4115;PRIMERA FASE - GRUP A;primera-fase-grup-a;https://resultadosvoleibol.isquad.es/competicion_completa.php?seleccion=0&id=4115&id_ambito=0&id_territorial=17&id_superficie=1&iframe=0&id_categoria=364&id_competicion=1400
364;CAMPIONAT DE CATALUNYA DE JUVENIL PREFERENT;1400;CAMPIONAT DE CATALUNYA PREFERENT JUV FEM;4116;PRIMERA FASE - GRUP B;primera-fase-grup-b;https://resultadosvoleibol.isquad.es/competicion_completa.php?seleccion=0&id=4115&id_ambito=0&id_territorial=17&id_superficie=1&iframe=0&id_categoria=364&id_competicion=1400
364;CAMPIONAT DE CATALUNYA DE JUVENIL PREFERENT;1400;CAMPIONAT DE CATALUNYA PREFERENT JUV FEM;4117;PRIMERA FASE - GRUP C;primera-fase-grup-c;https://resultadosvoleibol.isquad.es/competicion_completa.php?seleccion=0&id=4115&id_ambito=0&id_territorial=17&id_superficie=1&iframe=0&id_categoria=364&id_competicion=1400
364;CAMPIONAT DE CATALUNYA DE JUVENIL PREFERENT;1401;CAMPIONAT DE CATALUNYA PREFERENT JUV MASC;4102;PRIMERA FASE - GRUP A;primera-fase-grup-a;https://resultadosvoleibol.isquad.es/competicion_completa.php?seleccion=0&id=4102&id_ambito=0&id_territorial=17&id_superficie=1&iframe=0&id_categoria=364&id_competicion=1401
365;CAMPIONAT DE CATALUNYA DE CADET PREFERENT;1402;CAMPIONAT DE CATALUNYA PREFERENT CAD FEM;4103;PRIMERA FASE - GRUP A;primera-fase-grup-a;https://resultadosvoleibol.isquad.es/competicion_completa.php?seleccion=0&id=4103&id_ambito=0&id_territorial=17&id_superficie=1&iframe=0&id_categoria=365&id_competicion=1402
365;CAMPIONAT DE CATALUNYA DE CADET PREFERENT;1402;CAMPIONAT DE CATALUNYA PREFERENT CAD FEM;4104;PRIMERA FASE - GRUP B;primera-fase-grup-b;https://resultadosvoleibol.isquad.es/competicion_completa.php?seleccion=0&id=4103&id_ambito=0&id_territorial=17&id_superficie=1&iframe=0&id_categoria=365&id_competicion=1402
365;CAMPIONAT DE CATALUNYA DE CADET PREFERENT;1402;CAMPIONAT DE CATALUNYA PREFERENT CAD FEM;4105;PRIMERA FASE - GRUP C;primera-fase-grup-c;https://resultadosvoleibol.isquad.es/competicion_completa.php?seleccion=0&id=4103&id_ambito=0&id_territorial=17&id_superficie=1&iframe=0&id_categoria=365&id_competicion=1402
365;CAMPIONAT DE CATALUNYA DE CADET PREFERENT;1402;CAMPIONAT DE CATALUNYA PREFERENT CAD FEM;4106;PRIMERA FASE - GRUP D;primera-fase-grup-d;https://resultadosvoleibol.isquad.es/competicion_completa.php?seleccion=0&id=4103&id_ambito=0&id_territorial=17&id_superficie=1&iframe=0&id_categoria=365&id_competicion=1402
365;CAMPIONAT DE CATALUNYA DE CADET PREFERENT;1402;CAMPIONAT DE CATALUNYA PREFERENT CAD FEM;4107;PRIMERA FASE - GRUP E;primera-fase-grup-e;https://resultadosvoleibol.isquad.es/competicion_completa.php?seleccion=0&id=4103&id_ambito=0&id_territorial=17&id_superficie=1&iframe=0&id_categoria=365&id_competicion=1402
365;CAMPIONAT DE CATALUNYA DE CADET PREFERENT;1402;CAMPIONAT DE CATALUNYA PREFERENT CAD FEM;4108;PRIMERA FASE - GRUP F;primera-fase-grup-f;https://resultadosvoleibol.isquad.es/competicion_completa.php?seleccion=0&id=4103&id_ambito=0&id_territorial=17&id_superficie=1&iframe=0&id_categoria=365&id_competicion=1402
365;CAMPIONAT DE CATALUNYA DE CADET PREFERENT;1402;CAMPIONAT DE CATALUNYA PREFERENT CAD FEM;4110;PRIMERA FASE - GRUP G;primera-fase-grup-g;https://resultadosvoleibol.isquad.es/competicion_completa.php?seleccion=0&id=4103&id_ambito=0&id_territorial=17&id_superficie=1&iframe=0&id_categoria=365&id_competicion=1402
365;CAMPIONAT DE CATALUNYA DE CADET PREFERENT;1402;CAMPIONAT DE CATALUNYA PREFERENT CAD FEM;4111;PRIMERA FASE - GRUP H;primera-fase-grup-h;https://resultadosvoleibol.isquad.es/competicion_completa.php?seleccion=0&id=4103&id_ambito=0&id_territorial=17&id_superficie=1&iframe=0&id_categoria=365&id_competicion=1402
365;CAMPIONAT DE CATALUNYA DE CADET PREFERENT;1403;CAMPIONAT DE CATALUNYA PREFERENT CAD MASC;4075;PRIMERA FASE - GRUP A;primera-fase-grup-a;https://resultadosvoleibol.isquad.es/competicion_completa.php?seleccion=0&id=4075&id_ambito=0&id_territorial=17&id_superficie=1&iframe=0&id_categoria=365&id_competicion=1403
365;CAMPIONAT DE CATALUNYA DE CADET PREFERENT;1403;CAMPIONAT DE CATALUNYA PREFERENT CAD MASC;4076;PRIMERA FASE - GRUP B;primera-fase-grup-b;https://resultadosvoleibol.isquad.es/competicion_completa.php?seleccion=0&id=4075&id_ambito=0&id_territorial=17&id_superficie=1&iframe=0&id_categoria=365&id_competicion=1403
366;CAMPIONAT DE CATALUNYA DE INFANTIL PREFERENT;1404;CAMPIONAT DE CATALUNYA PREFERENT INF FEM;4080;PRIMERA FASE - GRUP A;primera-fase-grup-a;https://resultadosvoleibol.isquad.es/competicion_completa.php?seleccion=0&id=4080&id_ambito=0&id_territorial=17&id_superficie=1&iframe=0&id_categoria=366&id_competicion=1404
366;CAMPIONAT DE CATALUNYA DE INFANTIL PREFERENT;1404;CAMPIONAT DE CATALUNYA PREFERENT INF FEM;4081;PRIMERA FASE - GRUP B;primera-fase-grup-b;https://resultadosvoleibol.isquad.es/competicion_completa.php?seleccion=0&id=4080&id_ambito=0&id_territorial=17&id_superficie=1&iframe=0&id_categoria=366&id_competicion=1404
366;CAMPIONAT DE CATALUNYA DE INFANTIL PREFERENT;1404;CAMPIONAT DE CATALUNYA PREFERENT INF FEM;4083;PRIMERA FASE - GRUP C;primera-fase-grup-c;https://resultadosvoleibol.isquad.es/competicion_completa.php?seleccion=0&id=4080&id_ambito=0&id_territorial=17&id_superficie=1&iframe=0&id_categoria=366&id_competicion=1404
366;CAMPIONAT DE CATALUNYA DE INFANTIL PREFERENT;1404;CAMPIONAT DE CATALUNYA PREFERENT INF FEM;4084;PRIMERA FASE - GRUP D;primera-fase-grup-d;https://resultadosvoleibol.isquad.es/competicion_completa.php?seleccion=0&id=4080&id_ambito=0&id_territorial=17&id_superficie=1&iframe=0&id_categoria=366&id_competicion=1404
366;CAMPIONAT DE CATALUNYA DE INFANTIL PREFERENT;1404;CAMPIONAT DE CATALUNYA PREFERENT INF FEM;4085;PRIMERA FASE - GRUP E;primera-fase-grup-e;https://resultadosvoleibol.isquad.es/competicion_completa.php?seleccion=0&id=4080&id_ambito=0&id_territorial=17&id_superficie=1&iframe=0&id_categoria=366&id_competicion=1404
366;CAMPIONAT DE CATALUNYA DE INFANTIL PREFERENT;1404;CAMPIONAT DE CATALUNYA PREFERENT INF FEM;4087;PRIMERA FASE - GRUP F;primera-fase-grup-f;https://resultadosvoleibol.isquad.es/competicion_completa.php?seleccion=0&id=4080&id_ambito=0&id_territorial=17&id_superficie=1&iframe=0&id_categoria=366&id_competicion=1404
367;CAMPIONAT DE CATALUNYA DE PRIMERA DIVISIO INFANTIL;1396;CAMPIONAT DE CATALUNYA 1a DIV. INF FEM;3681;PRIMERA FASE - GRUP A;primera-fase-grup-a;https://resultadosvoleibol.isquad.es/competicion_completa.php?seleccion=0&id=3681&id_ambito=0&id_territorial=17&id_superficie=1&iframe=0&id_categoria=367&id_competicion=1396
367;CAMPIONAT DE CATALUNYA DE PRIMERA DIVISIO INFANTIL;1396;CAMPIONAT DE CATALUNYA 1a DIV. INF FEM;3682;PRIMERA FASE - GRUP B;primera-fase-grup-b;https://resultadosvoleibol.isquad.es/competicion_completa.php?seleccion=0&id=3681&id_ambito=0&id_territorial=17&id_superficie=1&iframe=0&id_categoria=367&id_competicion=1396
367;CAMPIONAT DE CATALUNYA DE PRIMERA DIVISIO INFANTIL;1396;CAMPIONAT DE CATALUNYA 1a DIV. INF FEM;4203;Fase final - FASE ASCENS PERMANÃˆNCIA 1a/2a DIV T1;fase-final-fase-ascens-permana-ncia-1a-2a-div-t1;https://resultadosvoleibol.isquad.es/competicion_completa.php?seleccion=0&id=3681&id_ambito=0&id_territorial=17&id_superficie=1&iframe=0&id_categoria=367&id_competicion=1396
367;CAMPIONAT DE CATALUNYA DE PRIMERA DIVISIO INFANTIL;1396;CAMPIONAT DE CATALUNYA 1a DIV. INF FEM;4205;Fase final - FASE ASCENS PERMANÃˆNCIA 1a/2a DIV T2;fase-final-fase-ascens-permana-ncia-1a-2a-div-t2;https://resultadosvoleibol.isquad.es/competicion_completa.php?seleccion=0&id=3681&id_ambito=0&id_territorial=17&id_superficie=1&iframe=0&id_categoria=367&id_competicion=1396
367;CAMPIONAT DE CATALUNYA DE PRIMERA DIVISIO INFANTIL;1397;CAMPIONAT DE CATALUNYA 1a DIV. INF MASC;4208;Fase final - FASE ASCENS PERMANÃˆNCIA 1a/2a DIV T1;fase-final-fase-ascens-permana-ncia-1a-2a-div-t1;https://resultadosvoleibol.isquad.es/competicion_completa.php?seleccion=0&id=3683&id_ambito=0&id_territorial=17&id_superficie=1&iframe=0&id_categoria=367&id_competicion=1397
367;CAMPIONAT DE CATALUNYA DE PRIMERA DIVISIO INFANTIL;1397;CAMPIONAT DE CATALUNYA 1a DIV. INF MASC;4209;Fase final - FASE ASCENS PERMANÃˆNCIA 1a/2a DIV T2;fase-final-fase-ascens-permana-ncia-1a-2a-div-t2;https://resultadosvoleibol.isquad.es/competicion_completa.php?seleccion=0&id=3683&id_ambito=0&id_territorial=17&id_superficie=1&iframe=0&id_categoria=367&id_competicion=1397
367;CAMPIONAT DE CATALUNYA DE PRIMERA DIVISIO INFANTIL;1397;CAMPIONAT DE CATALUNYA 1a DIV. INF MASC;3683;PRIMERA FASE - GRUP A;primera-fase-grup-a;https://resultadosvoleibol.isquad.es/competicion_completa.php?seleccion=0&id=3683&id_ambito=0&id_territorial=17&id_superficie=1&iframe=0&id_categoria=367&id_competicion=1397
367;CAMPIONAT DE CATALUNYA DE PRIMERA DIVISIO INFANTIL;1397;CAMPIONAT DE CATALUNYA 1a DIV. INF MASC;3684;PRIMERA FASE - GRUP B;primera-fase-grup-b;https://resultadosvoleibol.isquad.es/competicion_completa.php?seleccion=0&id=3683&id_ambito=0&id_territorial=17&id_superficie=1&iframe=0&id_categoria=367&id_competicion=1397
368;CAMPIONAT DE CATALUNYA DE SEGONA DIVISIO INFANTIL;1398;CAMPIONAT DE CATALUNYA 2a DIV. INF FEM;4125;PRIMERA FASE - GRUP A;primera-fase-grup-a;https://resultadosvoleibol.isquad.es/competicion_completa.php?seleccion=0&id=4125&id_ambito=0&id_territorial=17&id_superficie=1&iframe=0&id_categoria=368&id_competicion=1398
368;CAMPIONAT DE CATALUNYA DE SEGONA DIVISIO INFANTIL;1398;CAMPIONAT DE CATALUNYA 2a DIV. INF FEM;4127;PRIMERA FASE - GRUP B;primera-fase-grup-b;https://resultadosvoleibol.isquad.es/competicion_completa.php?seleccion=0&id=4125&id_ambito=0&id_territorial=17&id_superficie=1&iframe=0&id_categoria=368&id_competicion=1398
368;CAMPIONAT DE CATALUNYA DE SEGONA DIVISIO INFANTIL;1398;CAMPIONAT DE CATALUNYA 2a DIV. INF FEM;4128;PRIMERA FASE - GRUP C;primera-fase-grup-c;https://resultadosvoleibol.isquad.es/competicion_completa.php?seleccion=0&id=4125&id_ambito=0&id_territorial=17&id_superficie=1&iframe=0&id_categoria=368&id_competicion=1398
368;CAMPIONAT DE CATALUNYA DE SEGONA DIVISIO INFANTIL;1398;CAMPIONAT DE CATALUNYA 2a DIV. INF FEM;4129;PRIMERA FASE - GRUP D;primera-fase-grup-d;https://resultadosvoleibol.isquad.es/competicion_completa.php?seleccion=0&id=4125&id_ambito=0&id_territorial=17&id_superficie=1&iframe=0&id_categoria=368&id_competicion=1398
368;CAMPIONAT DE CATALUNYA DE SEGONA DIVISIO INFANTIL;1398;CAMPIONAT DE CATALUNYA 2a DIV. INF FEM;4130;PRIMERA FASE - GRUP E;primera-fase-grup-e;https://resultadosvoleibol.isquad.es/competicion_completa.php?seleccion=0&id=4125&id_ambito=0&id_territorial=17&id_superficie=1&iframe=0&id_categoria=368&id_competicion=1398
368;CAMPIONAT DE CATALUNYA DE SEGONA DIVISIO INFANTIL;1398;CAMPIONAT DE CATALUNYA 2a DIV. INF FEM;4131;PRIMERA FASE - GRUP F;primera-fase-grup-f;https://resultadosvoleibol.isquad.es/competicion_completa.php?seleccion=0&id=4125&id_ambito=0&id_territorial=17&id_superficie=1&iframe=0&id_categoria=368&id_competicion=1398
368;CAMPIONAT DE CATALUNYA DE SEGONA DIVISIO INFANTIL;1398;CAMPIONAT DE CATALUNYA 2a DIV. INF FEM;4132;PRIMERA FASE - GRUP G;primera-fase-grup-g;https://resultadosvoleibol.isquad.es/competicion_completa.php?seleccion=0&id=4125&id_ambito=0&id_territorial=17&id_superficie=1&iframe=0&id_categoria=368&id_competicion=1398
368;CAMPIONAT DE CATALUNYA DE SEGONA DIVISIO INFANTIL;1398;CAMPIONAT DE CATALUNYA 2a DIV. INF FEM;4133;PRIMERA FASE - GRUP H;primera-fase-grup-h;https://resultadosvoleibol.isquad.es/competicion_completa.php?seleccion=0&id=4125&id_ambito=0&id_territorial=17&id_superficie=1&iframe=0&id_categoria=368&id_competicion=1398
368;CAMPIONAT DE CATALUNYA DE SEGONA DIVISIO INFANTIL;1398;CAMPIONAT DE CATALUNYA 2a DIV. INF FEM;4134;PRIMERA FASE - GRUP I;primera-fase-grup-i;https://resultadosvoleibol.isquad.es/competicion_completa.php?seleccion=0&id=4125&id_ambito=0&id_territorial=17&id_superficie=1&iframe=0&id_categoria=368&id_competicion=1398
368;CAMPIONAT DE CATALUNYA DE SEGONA DIVISIO INFANTIL;1398;CAMPIONAT DE CATALUNYA 2a DIV. INF FEM;4135;PRIMERA FASE - GRUP J;primera-fase-grup-j;https://resultadosvoleibol.isquad.es/competicion_completa.php?seleccion=0&id=4125&id_ambito=0&id_territorial=17&id_superficie=1&iframe=0&id_categoria=368&id_competicion=1398
368;CAMPIONAT DE CATALUNYA DE SEGONA DIVISIO INFANTIL;1398;CAMPIONAT DE CATALUNYA 2a DIV. INF FEM;4136;PRIMERA FASE - GRUP K;primera-fase-grup-k;https://resultadosvoleibol.isquad.es/competicion_completa.php?seleccion=0&id=4125&id_ambito=0&id_territorial=17&id_superficie=1&iframe=0&id_categoria=368&id_competicion=1398
368;CAMPIONAT DE CATALUNYA DE SEGONA DIVISIO INFANTIL;1398;CAMPIONAT DE CATALUNYA 2a DIV. INF FEM;4137;PRIMERA FASE - GRUP L;primera-fase-grup-l;https://resultadosvoleibol.isquad.es/competicion_completa.php?seleccion=0&id=4125&id_ambito=0&id_territorial=17&id_superficie=1&iframe=0&id_categoria=368&id_competicion=1398
368;CAMPIONAT DE CATALUNYA DE SEGONA DIVISIO INFANTIL;1398;CAMPIONAT DE CATALUNYA 2a DIV. INF FEM;4138;PRIMERA FASE - GRUP M;primera-fase-grup-m;https://resultadosvoleibol.isquad.es/competicion_completa.php?seleccion=0&id=4125&id_ambito=0&id_territorial=17&id_superficie=1&iframe=0&id_categoria=368&id_competicion=1398
368;CAMPIONAT DE CATALUNYA DE SEGONA DIVISIO INFANTIL;1398;CAMPIONAT DE CATALUNYA 2a DIV. INF FEM;4139;PRIMERA FASE - GRUP N;primera-fase-grup-n;https://resultadosvoleibol.isquad.es/competicion_completa.php?seleccion=0&id=4125&id_ambito=0&id_territorial=17&id_superficie=1&iframe=0&id_categoria=368&id_competicion=1398
368;CAMPIONAT DE CATALUNYA DE SEGONA DIVISIO INFANTIL;1398;CAMPIONAT DE CATALUNYA 2a DIV. INF FEM;4140;PRIMERA FASE - GRUP O;primera-fase-grup-o;https://resultadosvoleibol.isquad.es/competicion_completa.php?seleccion=0&id=4125&id_ambito=0&id_territorial=17&id_superficie=1&iframe=0&id_categoria=368&id_competicion=1398
368;CAMPIONAT DE CATALUNYA DE SEGONA DIVISIO INFANTIL;1398;CAMPIONAT DE CATALUNYA 2a DIV. INF FEM;4141;PRIMERA FASE - GRUP P;primera-fase-grup-p;https://resultadosvoleibol.isquad.es/competicion_completa.php?seleccion=0&id=4125&id_ambito=0&id_territorial=17&id_superficie=1&iframe=0&id_categoria=368&id_competicion=1398
368;CAMPIONAT DE CATALUNYA DE SEGONA DIVISIO INFANTIL;1398;CAMPIONAT DE CATALUNYA 2a DIV. INF FEM;4142;PRIMERA FASE - GRUP Q;primera-fase-grup-q;https://resultadosvoleibol.isquad.es/competicion_completa.php?seleccion=0&id=4125&id_ambito=0&id_territorial=17&id_superficie=1&iframe=0&id_categoria=368&id_competicion=1398
368;CAMPIONAT DE CATALUNYA DE SEGONA DIVISIO INFANTIL;1398;CAMPIONAT DE CATALUNYA 2a DIV. INF FEM;4143;PRIMERA FASE - GRUP R;primera-fase-grup-r;https://resultadosvoleibol.isquad.es/competicion_completa.php?seleccion=0&id=4125&id_ambito=0&id_territorial=17&id_superficie=1&iframe=0&id_categoria=368&id_competicion=1398
368;CAMPIONAT DE CATALUNYA DE SEGONA DIVISIO INFANTIL;1399;CAMPIONAT DE CATALUNYA 2a DIV. INF MASC;4166;PRIMERA FASE - GRUP A;primera-fase-grup-a;https://resultadosvoleibol.isquad.es/competicion_completa.php?seleccion=0&id=4166&id_ambito=0&id_territorial=17&id_superficie=1&iframe=0&id_categoria=368&id_competicion=1399
368;CAMPIONAT DE CATALUNYA DE SEGONA DIVISIO INFANTIL;1399;CAMPIONAT DE CATALUNYA 2a DIV. INF MASC;4167;PRIMERA FASE - GRUP B;primera-fase-grup-b;https://resultadosvoleibol.isquad.es/competicion_completa.php?seleccion=0&id=4166&id_ambito=0&id_territorial=17&id_superficie=1&iframe=0&id_categoria=368&id_competicion=1399
368;CAMPIONAT DE CATALUNYA DE SEGONA DIVISIO INFANTIL;1399;CAMPIONAT DE CATALUNYA 2a DIV. INF MASC;4168;PRIMERA FASE - GRUP C;primera-fase-grup-c;https://resultadosvoleibol.isquad.es/competicion_completa.php?seleccion=0&id=4166&id_ambito=0&id_territorial=17&id_superficie=1&iframe=0&id_categoria=368&id_competicion=1399
368;CAMPIONAT DE CATALUNYA DE SEGONA DIVISIO INFANTIL;1399;CAMPIONAT DE CATALUNYA 2a DIV. INF MASC;4169;PRIMERA FASE - GRUP D;primera-fase-grup-d;https://resultadosvoleibol.isquad.es/competicion_completa.php?seleccion=0&id=4166&id_ambito=0&id_territorial=17&id_superficie=1&iframe=0&id_categoria=368&id_competicion=1399
368;CAMPIONAT DE CATALUNYA DE SEGONA DIVISIO INFANTIL;1399;CAMPIONAT DE CATALUNYA 2a DIV. INF MASC;4170;PRIMERA FASE - GRUP E;primera-fase-grup-e;https://resultadosvoleibol.isquad.es/competicion_completa.php?seleccion=0&id=4166&id_ambito=0&id_territorial=17&id_superficie=1&iframe=0&id_categoria=368&id_competicion=1399
368;CAMPIONAT DE CATALUNYA DE SEGONA DIVISIO INFANTIL;1399;CAMPIONAT DE CATALUNYA 2a DIV. INF MASC;4171;PRIMERA FASE - GRUP F;primera-fase-grup-f;https://resultadosvoleibol.isquad.es/competicion_completa.php?seleccion=0&id=4166&id_ambito=0&id_territorial=17&id_superficie=1&iframe=0&id_categoria=368&id_competicion=1399
369;CAMPIONAT DE CATALUNYA ALEVI (3X3);1405;CAMPIONAT DE CATALUNYA ALEVÃ (3X3);4335;PRIMERA FASE - GRUP A;primera-fase-grup-a;https://resultadosvoleibol.isquad.es/competicion_completa.php?seleccion=0&id=4335&id_ambito=0&id_territorial=17&id_superficie=1&iframe=0&id_categoria=369&id_competicion=1405
369;CAMPIONAT DE CATALUNYA ALEVI (3X3);1405;CAMPIONAT DE CATALUNYA ALEVÃ (3X3);4336;PRIMERA FASE - GRUP B;primera-fase-grup-b;https://resultadosvoleibol.isquad.es/competicion_completa.php?seleccion=0&id=4335&id_ambito=0&id_territorial=17&id_superficie=1&iframe=0&id_categoria=369&id_competicion=1405
369;CAMPIONAT DE CATALUNYA ALEVI (3X3);1405;CAMPIONAT DE CATALUNYA ALEVÃ (3X3);4337;PRIMERA FASE - GRUP C;primera-fase-grup-c;https://resultadosvoleibol.isquad.es/competicion_completa.php?seleccion=0&id=4335&id_ambito=0&id_territorial=17&id_superficie=1&iframe=0&id_categoria=369&id_competicion=1405
369;CAMPIONAT DE CATALUNYA ALEVI (3X3);1405;CAMPIONAT DE CATALUNYA ALEVÃ (3X3);4338;PRIMERA FASE - GRUP D;primera-fase-grup-d;https://resultadosvoleibol.isquad.es/competicion_completa.php?seleccion=0&id=4335&id_ambito=0&id_territorial=17&id_superficie=1&iframe=0&id_categoria=369&id_competicion=1405
369;CAMPIONAT DE CATALUNYA ALEVI (3X3);1405;CAMPIONAT DE CATALUNYA ALEVÃ (3X3);4339;PRIMERA FASE - GRUP E;primera-fase-grup-e;https://resultadosvoleibol.isquad.es/competicion_completa.php?seleccion=0&id=4335&id_ambito=0&id_territorial=17&id_superficie=1&iframe=0&id_categoria=369&id_competicion=1405
369;CAMPIONAT DE CATALUNYA ALEVI (3X3);1405;CAMPIONAT DE CATALUNYA ALEVÃ (3X3);4340;PRIMERA FASE - GRUP F;primera-fase-grup-f;https://resultadosvoleibol.isquad.es/competicion_completa.php?seleccion=0&id=4335&id_ambito=0&id_territorial=17&id_superficie=1&iframe=0&id_categoria=369&id_competicion=1405
369;CAMPIONAT DE CATALUNYA ALEVI (3X3);1405;CAMPIONAT DE CATALUNYA ALEVÃ (3X3);4341;PRIMERA FASE - GRUP G;primera-fase-grup-g;https://resultadosvoleibol.isquad.es/competicion_completa.php?seleccion=0&id=4335&id_ambito=0&id_territorial=17&id_superficie=1&iframe=0&id_categoria=369&id_competicion=1405
369;CAMPIONAT DE CATALUNYA ALEVI (3X3);1405;CAMPIONAT DE CATALUNYA ALEVÃ (3X3);4342;PRIMERA FASE - GRUP H;primera-fase-grup-h;https://resultadosvoleibol.isquad.es/competicion_completa.php?seleccion=0&id=4335&id_ambito=0&id_territorial=17&id_superficie=1&iframe=0&id_categoria=369&id_competicion=1405
369;CAMPIONAT DE CATALUNYA ALEVI (3X3);1405;CAMPIONAT DE CATALUNYA ALEVÃ (3X3);4343;PRIMERA FASE - GRUP I;primera-fase-grup-i;https://resultadosvoleibol.isquad.es/competicion_completa.php?seleccion=0&id=4335&id_ambito=0&id_territorial=17&id_superficie=1&iframe=0&id_categoria=369&id_competicion=1405
369;CAMPIONAT DE CATALUNYA ALEVI (3X3);1405;CAMPIONAT DE CATALUNYA ALEVÃ (3X3);4344;PRIMERA FASE - GRUP J;primera-fase-grup-j;https://resultadosvoleibol.isquad.es/competicion_completa.php?seleccion=0&id=4335&id_ambito=0&id_territorial=17&id_superficie=1&iframe=0&id_categoria=369&id_competicion=1405
369;CAMPIONAT DE CATALUNYA ALEVI (3X3);1405;CAMPIONAT DE CATALUNYA ALEVÃ (3X3);4345;PRIMERA FASE - GRUP K;primera-fase-grup-k;https://resultadosvoleibol.isquad.es/competicion_completa.php?seleccion=0&id=4335&id_ambito=0&id_territorial=17&id_superficie=1&iframe=0&id_categoria=369&id_competicion=1405
369;CAMPIONAT DE CATALUNYA ALEVI (3X3);1405;CAMPIONAT DE CATALUNYA ALEVÃ (3X3);4346;PRIMERA FASE - GRUP L;primera-fase-grup-l;https://resultadosvoleibol.isquad.es/competicion_completa.php?seleccion=0&id=4335&id_ambito=0&id_territorial=17&id_superficie=1&iframe=0&id_categoria=369&id_competicion=1405
369;CAMPIONAT DE CATALUNYA ALEVI (3X3);1405;CAMPIONAT DE CATALUNYA ALEVÃ (3X3);4347;PRIMERA FASE - GRUP M;primera-fase-grup-m;https://resultadosvoleibol.isquad.es/competicion_completa.php?seleccion=0&id=4335&id_ambito=0&id_territorial=17&id_superficie=1&iframe=0&id_categoria=369&id_competicion=1405
369;CAMPIONAT DE CATALUNYA ALEVI (3X3);1405;CAMPIONAT DE CATALUNYA ALEVÃ (3X3);4348;PRIMERA FASE - GRUP N;primera-fase-grup-n;https://resultadosvoleibol.isquad.es/competicion_completa.php?seleccion=0&id=4335&id_ambito=0&id_territorial=17&id_superficie=1&iframe=0&id_categoria=369&id_competicion=1405
369;CAMPIONAT DE CATALUNYA ALEVI (3X3);1405;CAMPIONAT DE CATALUNYA ALEVÃ (3X3);4349;PRIMERA FASE - GRUP O;primera-fase-grup-o;https://resultadosvoleibol.isquad.es/competicion_completa.php?seleccion=0&id=4335&id_ambito=0&id_territorial=17&id_superficie=1&iframe=0&id_categoria=369&id_competicion=1405
369;CAMPIONAT DE CATALUNYA ALEVI (3X3);1405;CAMPIONAT DE CATALUNYA ALEVÃ (3X3);4350;PRIMERA FASE - GRUP P;primera-fase-grup-p;https://resultadosvoleibol.isquad.es/competicion_completa.php?seleccion=0&id=4335&id_ambito=0&id_territorial=17&id_superficie=1&iframe=0&id_categoria=369&id_competicion=1405
369;CAMPIONAT DE CATALUNYA ALEVI (3X3);1405;CAMPIONAT DE CATALUNYA ALEVÃ (3X3);4351;PRIMERA FASE - GRUP Q;primera-fase-grup-q;https://resultadosvoleibol.isquad.es/competicion_completa.php?seleccion=0&id=4335&id_ambito=0&id_territorial=17&id_superficie=1&iframe=0&id_categoria=369&id_competicion=1405
369;CAMPIONAT DE CATALUNYA ALEVI (3X3);1405;CAMPIONAT DE CATALUNYA ALEVÃ (3X3);4352;PRIMERA FASE - GRUP R;primera-fase-grup-r;https://resultadosvoleibol.isquad.es/competicion_completa.php?seleccion=0&id=4335&id_ambito=0&id_territorial=17&id_superficie=1&iframe=0&id_categoria=369&id_competicion=1405
385;LLIGUES CATALANES;1577;LLIGA CATALANA TAKEOFFPRO DIVISIÃ D'HONOR FEMENINA;4316;Fase final - FASE FINAL OR;fase-final-fase-final-or;https://resultadosvoleibol.isquad.es/competicion_completa.php?seleccion=0&id=4035&id_ambito=0&id_territorial=17&id_superficie=1&iframe=0&id_categoria=385&id_competicion=1577
385;LLIGUES CATALANES;1577;LLIGA CATALANA TAKEOFFPRO DIVISIÃ D'HONOR FEMENINA;4317;Fase final - FASE FINAL PLATA;fase-final-fase-final-plata;https://resultadosvoleibol.isquad.es/competicion_completa.php?seleccion=0&id=4035&id_ambito=0&id_territorial=17&id_superficie=1&iframe=0&id_categoria=385&id_competicion=1577
385;LLIGUES CATALANES;1577;LLIGA CATALANA TAKEOFFPRO DIVISIÃ D'HONOR FEMENINA;4319;Fase final - FASE FINAL BRONZE;fase-final-fase-final-bronze;https://resultadosvoleibol.isquad.es/competicion_completa.php?seleccion=0&id=4035&id_ambito=0&id_territorial=17&id_superficie=1&iframe=0&id_categoria=385&id_competicion=1577
385;LLIGUES CATALANES;1577;LLIGA CATALANA TAKEOFFPRO DIVISIÃ D'HONOR FEMENINA;4035;PRIMERA FASE - GRUP A;primera-fase-grup-a;https://resultadosvoleibol.isquad.es/competicion_completa.php?seleccion=0&id=4035&id_ambito=0&id_territorial=17&id_superficie=1&iframe=0&id_categoria=385&id_competicion=1577
385;LLIGUES CATALANES;1577;LLIGA CATALANA TAKEOFFPRO DIVISIÃ D'HONOR FEMENINA;4037;PRIMERA FASE - GRUP C;primera-fase-grup-c;https://resultadosvoleibol.isquad.es/competicion_completa.php?seleccion=0&id=4035&id_ambito=0&id_territorial=17&id_superficie=1&iframe=0&id_categoria=385&id_competicion=1577
385;LLIGUES CATALANES;1577;LLIGA CATALANA TAKEOFFPRO DIVISIÃ D'HONOR FEMENINA;4038;PRIMERA FASE - GRUP B;primera-fase-grup-b;https://resultadosvoleibol.isquad.es/competicion_completa.php?seleccion=0&id=4035&id_ambito=0&id_territorial=17&id_superficie=1&iframe=0&id_categoria=385&id_competicion=1577
385;LLIGUES CATALANES;1584;LLIGA CATALANA TAKEOFFPRO DIVISIÃ D'HONOR MASCULINA;4322;Fase final - FASE FINAL OR;fase-final-fase-final-or;https://resultadosvoleibol.isquad.es/competicion_completa.php?seleccion=0&id=4044&id_ambito=0&id_territorial=17&id_superficie=1&iframe=0&id_categoria=385&id_competicion=1584
385;LLIGUES CATALANES;1584;LLIGA CATALANA TAKEOFFPRO DIVISIÃ D'HONOR MASCULINA;4323;Fase final - FASE FINAL PLATA;fase-final-fase-final-plata;https://resultadosvoleibol.isquad.es/competicion_completa.php?seleccion=0&id=4044&id_ambito=0&id_territorial=17&id_superficie=1&iframe=0&id_categoria=385&id_competicion=1584
385;LLIGUES CATALANES;1584;LLIGA CATALANA TAKEOFFPRO DIVISIÃ D'HONOR MASCULINA;4324;Fase final - FASE FINAL BRONZE;fase-final-fase-final-bronze;https://resultadosvoleibol.isquad.es/competicion_completa.php?seleccion=0&id=4044&id_ambito=0&id_territorial=17&id_superficie=1&iframe=0&id_categoria=385&id_competicion=1584
385;LLIGUES CATALANES;1584;LLIGA CATALANA TAKEOFFPRO DIVISIÃ D'HONOR MASCULINA;4325;Fase final - FASE FINAL COURE;fase-final-fase-final-coure;https://resultadosvoleibol.isquad.es/competicion_completa.php?seleccion=0&id=4044&id_ambito=0&id_territorial=17&id_superficie=1&iframe=0&id_categoria=385&id_competicion=1584
385;LLIGUES CATALANES;1584;LLIGA CATALANA TAKEOFFPRO DIVISIÃ D'HONOR MASCULINA;4044;PRIMERA FASE - GRUP A;primera-fase-grup-a;https://resultadosvoleibol.isquad.es/competicion_completa.php?seleccion=0&id=4044&id_ambito=0&id_territorial=17&id_superficie=1&iframe=0&id_categoria=385&id_competicion=1584
385;LLIGUES CATALANES;1584;LLIGA CATALANA TAKEOFFPRO DIVISIÃ D'HONOR MASCULINA;4045;PRIMERA FASE - GRUP B;primera-fase-grup-b;https://resultadosvoleibol.isquad.es/competicion_completa.php?seleccion=0&id=4044&id_ambito=0&id_territorial=17&id_superficie=1&iframe=0&id_categoria=385&id_competicion=1584
385;LLIGUES CATALANES;1584;LLIGA CATALANA TAKEOFFPRO DIVISIÃ D'HONOR MASCULINA;4046;PRIMERA FASE - GRUP C;primera-fase-grup-c;https://resultadosvoleibol.isquad.es/competicion_completa.php?seleccion=0&id=4044&id_ambito=0&id_territorial=17&id_superficie=1&iframe=0&id_categoria=385&id_competicion=1584
385;LLIGUES CATALANES;1576;SUPERLLIGA CATALANA TAKEOFFPRO FEMENINA;4314;Fase final - SEMIFINALS - FINAL;fase-final-semifinals-final;https://resultadosvoleibol.isquad.es/competicion_completa.php?seleccion=0&id=4033&id_ambito=0&id_territorial=17&id_superficie=1&iframe=0&id_categoria=385&id_competicion=1576
385;LLIGUES CATALANES;1576;SUPERLLIGA CATALANA TAKEOFFPRO FEMENINA;4315;Fase final - FASE FINAL PLATA (5 al 8);fase-final-fase-final-plata-5-al-8;https://resultadosvoleibol.isquad.es/competicion_completa.php?seleccion=0&id=4033&id_ambito=0&id_territorial=17&id_superficie=1&iframe=0&id_categoria=385&id_competicion=1576
385;LLIGUES CATALANES;1576;SUPERLLIGA CATALANA TAKEOFFPRO FEMENINA;4033;PRIMERA FASE - GRUP A;primera-fase-grup-a;https://resultadosvoleibol.isquad.es/competicion_completa.php?seleccion=0&id=4033&id_ambito=0&id_territorial=17&id_superficie=1&iframe=0&id_categoria=385&id_competicion=1576
385;LLIGUES CATALANES;1576;SUPERLLIGA CATALANA TAKEOFFPRO FEMENINA;4034;PRIMERA FASE - GRUP B;primera-fase-grup-b;https://resultadosvoleibol.isquad.es/competicion_completa.php?seleccion=0&id=4033&id_ambito=0&id_territorial=17&id_superficie=1&iframe=0&id_categoria=385&id_competicion=1576
385;LLIGUES CATALANES;1583;SUPERLLIGA CATALANA TAKEOFFPRO MASCULINA;4321;Fase final - FASE FINAL PLATA;fase-final-fase-final-plata;https://resultadosvoleibol.isquad.es/competicion_completa.php?seleccion=0&id=4042&id_ambito=0&id_territorial=17&id_superficie=1&iframe=0&id_categoria=385&id_competicion=1583
385;LLIGUES CATALANES;1583;SUPERLLIGA CATALANA TAKEOFFPRO MASCULINA;4320;FINAL - FASE FINAL OR;final-fase-final-or;https://resultadosvoleibol.isquad.es/competicion_completa.php?seleccion=0&id=4042&id_ambito=0&id_territorial=17&id_superficie=1&iframe=0&id_categoria=385&id_competicion=1583
385;LLIGUES CATALANES;1583;SUPERLLIGA CATALANA TAKEOFFPRO MASCULINA;4042;PRIMERA FASE - GRUP B;primera-fase-grup-b;https://resultadosvoleibol.isquad.es/competicion_completa.php?seleccion=0&id=4042&id_ambito=0&id_territorial=17&id_superficie=1&iframe=0&id_categoria=385&id_competicion=1583
385;LLIGUES CATALANES;1583;SUPERLLIGA CATALANA TAKEOFFPRO MASCULINA;4043;PRIMERA FASE - GRUP A;primera-fase-grup-a;https://resultadosvoleibol.isquad.es/competicion_completa.php?seleccion=0&id=4042&id_ambito=0&id_territorial=17&id_superficie=1&iframe=0&id_categoria=385&id_competicion=1583