id_categoria;categoria;id_competicion;competicion;id_fase;descripcion_fase;slug_fase;id_equipo;equip;local;visitant;marcador;data;estat;url_equipo
352;CAMPIONAT DE CATALUNYA DE TERCERA DIVISIO SENIOR;1378;CAMPIONAT DE CATALUNYA 3a DIV. SEN FEM;3664;PRIMERA FASE - GRUP A;primera-fase-grup-a;2774;CV Martorell Negre;CV MARTORELL NEGRE;"ESCOLA ORLANDAI ""B""";3-1;9:00 27/09/2026;jugat;https://resultadosvoleibol.isquad.es/equipo.php?seleccion=0&id_equipo=2774&id=3664
352;CAMPIONAT DE CATALUNYA DE TERCERA DIVISIO SENIOR;1378;CAMPIONAT DE CATALUNYA 3a DIV. SEN FEM;3664;PRIMERA FASE - GRUP A;primera-fase-grup-a;2774;CV Martorell Negre;CV SANT BOI - SENIOR FEM BLAU;CV MARTORELL NEGRE;;18:00 03/10/2026;pendent;https://resultadosvoleibol.isquad.es/equipo.php?seleccion=0&id_equipo=2774&id=3664
352;CAMPIONAT DE CATALUNYA DE TERCERA DIVISIO SENIOR;1378;CAMPIONAT DE CATALUNYA 3a DIV. SEN FEM;3664;PRIMERA FASE - GRUP A;primera-fase-grup-a;2774;CV Martorell Negre;CV MARTORELL NEGRE;DSB;;;pendent;https://resultadosvoleibol.isquad.es/equipo.php?seleccion=0&id_equipo=2774&id=3664
352;CAMPIONAT DE CATALUNYA DE TERCERA DIVISIO SENIOR;1378;CAMPIONAT DE CATALUNYA 3a DIV. SEN FEM;3664;PRIMERA FASE - GRUP A;primera-fase-grup-a;2774;CV Martorell Negre;AEE JAUME BALMES;CV MARTORELL NEGRE;;;pendent;https://resultadosvoleibol.isquad.es/equipo.php?seleccion=0&id_equipo=2774&id=3664
352;CAMPIONAT DE CATALUNYA DE TERCERA DIVISIO SENIOR;1378;CAMPIONAT DE CATALUNYA 3a DIV. SEN FEM;3664;PRIMERA FASE - GRUP A;primera-fase-grup-a;2774;CV Martorell Negre;CV MARTORELL NEGRE;CV GELIDA;;;pendent;https://resultadosvoleibol.isquad.es/equipo.php?seleccion=0&id_equipo=2774&id=3664
352;CAMPIONAT DE CATALUNYA DE TERCERA DIVISIO SENIOR;1378;CAMPIONAT DE CATALUNYA 3a DIV. SEN FEM;3664;PRIMERA FASE - GRUP A;primera-fase-grup-a;2774;CV Martorell Negre;CV MARTORELL NEGRE;CEV L'HOSPITALET;;;pendent;https://resultadosvoleibol.isquad.es/equipo.php?seleccion=0&id_equipo=2774&id=3664
352;CAMPIONAT DE CATALUNYA DE TERCERA DIVISIO SENIOR;1378;CAMPIONAT DE CATALUNYA 3a DIV. SEN FEM;3664;PRIMERA FASE - GRUP A;primera-fase-grup-a;2774;CV Martorell Negre;CV TIANA SF;CV MARTORELL NEGRE;;;pendent;https://resultadosvoleibol.isquad.es/equipo.php?seleccion=0&id_equipo=2774&id=3664
352;CAMPIONAT DE CATALUNYA DE TERCERA DIVISIO SENIOR;1378;CAMPIONAT DE CATALUNYA 3a DIV. SEN FEM;3664;PRIMERA FASE - GRUP A;primera-fase-grup-a;2774;CV Martorell Negre;"ESCOLA ORLANDAI ""B""";CV MARTORELL NEGRE;;;pendent;https://resultadosvoleibol.isquad.es/equipo.php?seleccion=0&id_equipo=2774&id=3664
352;CAMPIONAT DE CATALUNYA DE TERCERA DIVISIO SENIOR;1378;CAMPIONAT DE CATALUNYA 3a DIV. SEN FEM;3664;PRIMERA FASE - GRUP A;primera-fase-grup-a;2774;CV Martorell Negre;CV MARTORELL NEGRE;CV SANT BOI - SENIOR FEM BLAU;;;pendent;https://resultadosvoleibol.isquad.es/equipo.php?seleccion=0&id_equipo=2774&id=3664
352;CAMPIONAT DE CATALUNYA DE TERCERA DIVISIO SENIOR;1378;CAMPIONAT DE CATALUNYA 3a DIV. SEN FEM;3664;PRIMERA FASE - GRUP A;primera-fase-grup-a;2774;CV Martorell Negre;DSB;CV MARTORELL NEGRE;;;pendent;https://resultadosvoleibol.isquad.es/equipo.php?seleccion=0&id_equipo=2774&id=3664
352;CAMPIONAT DE CATALUNYA DE TERCERA DIVISIO SENIOR;1378;CAMPIONAT DE CATALUNYA 3a DIV. SEN FEM;3664;PRIMERA FASE - GRUP A;primera-fase-grup-a;2774;CV Martorell Negre;CV MARTORELL NEGRE;AEE JAUME BALMES;;;pendent;https://resultadosvoleibol.isquad.es/equipo.php?seleccion=0&id_equipo=2774&id=3664
352;CAMPIONAT DE CATALUNYA DE TERCERA DIVISIO SENIOR;1378;CAMPIONAT DE CATALUNYA 3a DIV. SEN FEM;3664;PRIMERA FASE - GRUP A;primera-fase-grup-a;2774;CV Martorell Negre;CV GELIDA;CV MARTORELL NEGRE;;;pendent;https://resultadosvoleibol.isquad.es/equipo.php?seleccion=0&id_equipo=2774&id=3664
352;CAMPIONAT DE CATALUNYA DE TERCERA DIVISIO SENIOR;1378;CAMPIONAT DE CATALUNYA 3a DIV. SEN FEM;3664;PRIMERA FASE - GRUP A;primera-fase-grup-a;2774;CV Martorell Negre;CEV L'HOSPITALET;CV MARTORELL NEGRE;;;pendent;https://resultadosvoleibol.isquad.es/equipo.php?seleccion=0&id_equipo=2774&id=3664
352;CAMPIONAT DE CATALUNYA DE TERCERA DIVISIO SENIOR;1378;CAMPIONAT DE CATALUNYA 3a DIV. SEN FEM;3664;PRIMERA FASE - GRUP A;primera-fase-grup-a;2774;CV Martorell Negre;CV MARTORELL NEGRE;CV TIANA SF;;;pendent;https://resultadosvoleibol.isquad.es/equipo.php?seleccion=0&id_equipo=2774&id=3664
352;CAMPIONAT DE CATALUNYA DE TERCERA DIVISIO SENIOR;1379;CAMPIONAT DE CATALUNYA 3a DIV. SEN MASC;4077;PRIMERA FASE - GRUP A;primera-fase-grup-a;6410;CV Martorell Negre;CONSTRUCCIONS IGLESIAS - SENIOR MASC VOLEI MASQUEFA - SM;CV MARTORELL NEGRE;0-3;13:00 26/09/2026;jugat;https://resultadosvoleibol.isquad.es/equipo.php?seleccion=0&id_equipo=6410&id=4077
352;CAMPIONAT DE CATALUNYA DE TERCERA DIVISIO SENIOR;1379;CAMPIONAT DE CATALUNYA 3a DIV. SEN MASC;4077;PRIMERA FASE - GRUP A;primera-fase-grup-a;6410;CV Martorell Negre;UET SÈNIOR MASC;CV MARTORELL NEGRE;;11:00 04/10/2026;pendent;https://resultadosvoleibol.isquad.es/equipo.php?seleccion=0&id_equipo=6410&id=4077
352;CAMPIONAT DE CATALUNYA DE TERCERA DIVISIO SENIOR;1379;CAMPIONAT DE CATALUNYA 3a DIV. SEN MASC;4077;PRIMERA FASE - GRUP A;primera-fase-grup-a;6410;CV Martorell Negre;CV MARTORELL NEGRE;CVE SENIOR MASCULI LILA;;;pendent;https://resultadosvoleibol.isquad.es/equipo.php?seleccion=0&id_equipo=6410&id=4077
352;CAMPIONAT DE CATALUNYA DE TERCERA DIVISIO SENIOR;1379;CAMPIONAT DE CATALUNYA 3a DIV. SEN MASC;4077;PRIMERA FASE - GRUP A;primera-fase-grup-a;6410;CV Martorell Negre;SENIOR MASCULI CV CALAF;CV MARTORELL NEGRE;;;pendent;https://resultadosvoleibol.isquad.es/equipo.php?seleccion=0&id_equipo=6410&id=4077
352;CAMPIONAT DE CATALUNYA DE TERCERA DIVISIO SENIOR;1379;CAMPIONAT DE CATALUNYA 3a DIV. SEN MASC;4077;PRIMERA FASE - GRUP A;primera-fase-grup-a;6410;CV Martorell Negre;CV MARTORELL NEGRE;CV PALAU D'ANGLESOLA;;;pendent;https://resultadosvoleibol.isquad.es/equipo.php?seleccion=0&id_equipo=6410&id=4077
352;CAMPIONAT DE CATALUNYA DE TERCERA DIVISIO SENIOR;1379;CAMPIONAT DE CATALUNYA 3a DIV. SEN MASC;4077;PRIMERA FASE - GRUP A;primera-fase-grup-a;6410;CV Martorell Negre;CE HORTONS SM;CV MARTORELL NEGRE;;;pendent;https://resultadosvoleibol.isquad.es/equipo.php?seleccion=0&id_equipo=6410&id=4077
352;CAMPIONAT DE CATALUNYA DE TERCERA DIVISIO SENIOR;1379;CAMPIONAT DE CATALUNYA 3a DIV. SEN MASC;4077;PRIMERA FASE - GRUP A;primera-fase-grup-a;6410;CV Martorell Negre;CV MARTORELL NEGRE;AEEDI OLESA DE M.;;;pendent;https://resultadosvoleibol.isquad.es/equipo.php?seleccion=0&id_equipo=6410&id=4077
352;CAMPIONAT DE CATALUNYA DE TERCERA DIVISIO SENIOR;1379;CAMPIONAT DE CATALUNYA 3a DIV. SEN MASC;4077;PRIMERA FASE - GRUP A;primera-fase-grup-a;6410;CV Martorell Negre;CV MARTORELL NEGRE;CONSTRUCCIONS IGLESIAS - SENIOR MASC VOLEI MASQUEFA - SM;;;pendent;https://resultadosvoleibol.isquad.es/equipo.php?seleccion=0&id_equipo=6410&id=4077
352;CAMPIONAT DE CATALUNYA DE TERCERA DIVISIO SENIOR;1379;CAMPIONAT DE CATALUNYA 3a DIV. SEN MASC;4077;PRIMERA FASE - GRUP A;primera-fase-grup-a;6410;CV Martorell Negre;CV MARTORELL NEGRE;UET SÈNIOR MASC;;;pendent;https://resultadosvoleibol.isquad.es/equipo.php?seleccion=0&id_equipo=6410&id=4077
352;CAMPIONAT DE CATALUNYA DE TERCERA DIVISIO SENIOR;1379;CAMPIONAT DE CATALUNYA 3a DIV. SEN MASC;4077;PRIMERA FASE - GRUP A;primera-fase-grup-a;6410;CV Martorell Negre;CVE SENIOR MASCULI LILA;CV MARTORELL NEGRE;;;pendent;https://resultadosvoleibol.isquad.es/equipo.php?seleccion=0&id_equipo=6410&id=4077
352;CAMPIONAT DE CATALUNYA DE TERCERA DIVISIO SENIOR;1379;CAMPIONAT DE CATALUNYA 3a DIV. SEN MASC;4077;PRIMERA FASE - GRUP A;primera-fase-grup-a;6410;CV Martorell Negre;CV MARTORELL NEGRE;SENIOR MASCULI CV CALAF;;;pendent;https://resultadosvoleibol.isquad.es/equipo.php?seleccion=0&id_equipo=6410&id=4077
352;CAMPIONAT DE CATALUNYA DE TERCERA DIVISIO SENIOR;1379;CAMPIONAT DE CATALUNYA 3a DIV. SEN MASC;4077;PRIMERA FASE - GRUP A;primera-fase-grup-a;6410;CV Martorell Negre;CV PALAU D'ANGLESOLA;CV MARTORELL NEGRE;;;pendent;https://resultadosvoleibol.isquad.es/equipo.php?seleccion=0&id_equipo=6410&id=4077
352;CAMPIONAT DE CATALUNYA DE TERCERA DIVISIO SENIOR;1379;CAMPIONAT DE CATALUNYA 3a DIV. SEN MASC;4077;PRIMERA FASE - GRUP A;primera-fase-grup-a;6410;CV Martorell Negre;CV MARTORELL NEGRE;CE HORTONS SM;;;pendent;https://resultadosvoleibol.isquad.es/equipo.php?seleccion=0&id_equipo=6410&id=4077
352;CAMPIONAT DE CATALUNYA DE TERCERA DIVISIO SENIOR;1379;CAMPIONAT DE CATALUNYA 3a DIV. SEN MASC;4077;PRIMERA FASE - GRUP A;primera-fase-grup-a;6410;CV Martorell Negre;AEEDI OLESA DE M.;CV MARTORELL NEGRE;;;pendent;https://resultadosvoleibol.isquad.es/equipo.php?seleccion=0&id_equipo=6410&id=4077
353;CAMPIONAT DE CATALUNYA DE QUARTA DIVISIO SENIOR;1380;CAMPIONAT DE CATALUNYA 4a DIV. SEN FEM;4066;PRIMERA FASE - GRUP A;primera-fase-grup-a;3425;CV Martorell Blau;AE VOLEI VALLIRANA;CV MARTORELL BLAU;0-3;16:00 27/09/2026;jugat;https://resultadosvoleibol.isquad.es/equipo.php?seleccion=0&id_equipo=3425&id=4066
353;CAMPIONAT DE CATALUNYA DE QUARTA DIVISIO SENIOR;1380;CAMPIONAT DE CATALUNYA 4a DIV. SEN FEM;4066;PRIMERA FASE - GRUP A;primera-fase-grup-a;3425;CV Martorell Blau;CN TERRASSA B;CV MARTORELL BLAU;;16:00 03/10/2026;pendent;https://resultadosvoleibol.isquad.es/equipo.php?seleccion=0&id_equipo=3425&id=4066
353;CAMPIONAT DE CATALUNYA DE QUARTA DIVISIO SENIOR;1380;CAMPIONAT DE CATALUNYA 4a DIV. SEN FEM;4066;PRIMERA FASE - GRUP A;primera-fase-grup-a;3425;CV Martorell Blau;CV MARTORELL BLAU;VOLEI SANT ESTEVE NEGRE;;;pendent;https://resultadosvoleibol.isquad.es/equipo.php?seleccion=0&id_equipo=3425&id=4066
353;CAMPIONAT DE CATALUNYA DE QUARTA DIVISIO SENIOR;1380;CAMPIONAT DE CATALUNYA 4a DIV. SEN FEM;4066;PRIMERA FASE - GRUP A;primera-fase-grup-a;3425;CV Martorell Blau;SALESIANS SABADELL;CV MARTORELL BLAU;;;pendent;https://resultadosvoleibol.isquad.es/equipo.php?seleccion=0&id_equipo=3425&id=4066
353;CAMPIONAT DE CATALUNYA DE QUARTA DIVISIO SENIOR;1380;CAMPIONAT DE CATALUNYA 4a DIV. SEN FEM;4066;PRIMERA FASE - GRUP A;primera-fase-grup-a;3425;CV Martorell Blau;CV MARTORELL BLAU;CVE SENIOR FEMENI LILA;;;pendent;https://resultadosvoleibol.isquad.es/equipo.php?seleccion=0&id_equipo=3425&id=4066
353;CAMPIONAT DE CATALUNYA DE QUARTA DIVISIO SENIOR;1380;CAMPIONAT DE CATALUNYA 4a DIV. SEN FEM;4066;PRIMERA FASE - GRUP A;primera-fase-grup-a;3425;CV Martorell Blau;CLUB VOLEI SANT SADURNI;CV MARTORELL BLAU;;;pendent;https://resultadosvoleibol.isquad.es/equipo.php?seleccion=0&id_equipo=3425&id=4066
353;CAMPIONAT DE CATALUNYA DE QUARTA DIVISIO SENIOR;1380;CAMPIONAT DE CATALUNYA 4a DIV. SEN FEM;4066;PRIMERA FASE - GRUP A;primera-fase-grup-a;3425;CV Martorell Blau;CV MARTORELL BLAU;CE HORTONS SFB;;;pendent;https://resultadosvoleibol.isquad.es/equipo.php?seleccion=0&id_equipo=3425&id=4066
353;CAMPIONAT DE CATALUNYA DE QUARTA DIVISIO SENIOR;1380;CAMPIONAT DE CATALUNYA 4a DIV. SEN FEM;4066;PRIMERA FASE - GRUP A;primera-fase-grup-a;3425;CV Martorell Blau;CV MARTORELL BLAU;AE VOLEI VALLIRANA;;;pendent;https://resultadosvoleibol.isquad.es/equipo.php?seleccion=0&id_equipo=3425&id=4066
353;CAMPIONAT DE CATALUNYA DE QUARTA DIVISIO SENIOR;1380;CAMPIONAT DE CATALUNYA 4a DIV. SEN FEM;4066;PRIMERA FASE - GRUP A;primera-fase-grup-a;3425;CV Martorell Blau;CV MARTORELL BLAU;CN TERRASSA B;;;pendent;https://resultadosvoleibol.isquad.es/equipo.php?seleccion=0&id_equipo=3425&id=4066
353;CAMPIONAT DE CATALUNYA DE QUARTA DIVISIO SENIOR;1380;CAMPIONAT DE CATALUNYA 4a DIV. SEN FEM;4066;PRIMERA FASE - GRUP A;primera-fase-grup-a;3425;CV Martorell Blau;VOLEI SANT ESTEVE NEGRE;CV MARTORELL BLAU;;;pendent;https://resultadosvoleibol.isquad.es/equipo.php?seleccion=0&id_equipo=3425&id=4066
353;CAMPIONAT DE CATALUNYA DE QUARTA DIVISIO SENIOR;1380;CAMPIONAT DE CATALUNYA 4a DIV. SEN FEM;4066;PRIMERA FASE - GRUP A;primera-fase-grup-a;3425;CV Martorell Blau;CV MARTORELL BLAU;SALESIANS SABADELL;;;pendent;https://resultadosvoleibol.isquad.es/equipo.php?seleccion=0&id_equipo=3425&id=4066
353;CAMPIONAT DE CATALUNYA DE QUARTA DIVISIO SENIOR;1380;CAMPIONAT DE CATALUNYA 4a DIV. SEN FEM;4066;PRIMERA FASE - GRUP A;primera-fase-grup-a;3425;CV Martorell Blau;CVE SENIOR FEMENI LILA;CV MARTORELL BLAU;;;pendent;https://resultadosvoleibol.isquad.es/equipo.php?seleccion=0&id_equipo=3425&id=4066
353;CAMPIONAT DE CATALUNYA DE QUARTA DIVISIO SENIOR;1380;CAMPIONAT DE CATALUNYA 4a DIV. SEN FEM;4066;PRIMERA FASE - GRUP A;primera-fase-grup-a;3425;CV Martorell Blau;CV MARTORELL BLAU;CLUB VOLEI SANT SADURNI;;;pendent;https://resultadosvoleibol.isquad.es/equipo.php?seleccion=0&id_equipo=3425&id=4066
353;CAMPIONAT DE CATALUNYA DE QUARTA DIVISIO SENIOR;1380;CAMPIONAT DE CATALUNYA 4a DIV. SEN FEM;4066;PRIMERA FASE - GRUP A;primera-fase-grup-a;3425;CV Martorell Blau;CE HORTONS SFB;CV MARTORELL BLAU;;;pendent;https://resultadosvoleibol.isquad.es/equipo.php?seleccion=0&id_equipo=3425&id=4066
358;CAMPIONAT DE CATALUNYA DE TERCERA DIVISIO JUVENIL;1389;CAMPIONAT DE CATALUNYA 3a DIV. JUV FEM;4124;PRIMERA FASE - GRUP H;primera-fase-grup-h;2800;CV Martorell Negre;CECELL LLEIDA B;CV MARTORELL NEGRE;3-0;12:45 26/09/2026;jugat;https://resultadosvoleibol.isquad.es/equipo.php?seleccion=0&id_equipo=2800&id=4124
358;CAMPIONAT DE CATALUNYA DE TERCERA DIVISIO JUVENIL;1389;CAMPIONAT DE CATALUNYA 3a DIV. JUV FEM;4124;PRIMERA FASE - GRUP H;primera-fase-grup-h;2800;CV Martorell Negre;CV MARTORELL NEGRE;HUKLA CV ESPLUGUES BLAU;;12:45 04/10/2026;pendent;https://resultadosvoleibol.isquad.es/equipo.php?seleccion=0&id_equipo=2800&id=4124
358;CAMPIONAT DE CATALUNYA DE TERCERA DIVISIO JUVENIL;1389;CAMPIONAT DE CATALUNYA 3a DIV. JUV FEM;4124;PRIMERA FASE - GRUP H;primera-fase-grup-h;2800;CV Martorell Negre;CV VILAFRANCA VERD;CV MARTORELL NEGRE;;;pendent;https://resultadosvoleibol.isquad.es/equipo.php?seleccion=0&id_equipo=2800&id=4124
358;CAMPIONAT DE CATALUNYA DE TERCERA DIVISIO JUVENIL;1389;CAMPIONAT DE CATALUNYA 3a DIV. JUV FEM;4124;PRIMERA FASE - GRUP H;primera-fase-grup-h;2800;CV Martorell Negre;CV MARTORELL NEGRE;"AE SANDOR ""A""";;;pendent;https://resultadosvoleibol.isquad.es/equipo.php?seleccion=0&id_equipo=2800&id=4124
358;CAMPIONAT DE CATALUNYA DE TERCERA DIVISIO JUVENIL;1389;CAMPIONAT DE CATALUNYA 3a DIV. JUV FEM;4124;PRIMERA FASE - GRUP H;primera-fase-grup-h;2800;CV Martorell Negre;REVOLLO IVC JUVENIL FEMENI 1;CV MARTORELL NEGRE;;;pendent;https://resultadosvoleibol.isquad.es/equipo.php?seleccion=0&id_equipo=2800&id=4124
358;CAMPIONAT DE CATALUNYA DE TERCERA DIVISIO JUVENIL;1389;CAMPIONAT DE CATALUNYA 3a DIV. JUV FEM;4124;PRIMERA FASE - GRUP H;primera-fase-grup-h;2800;CV Martorell Negre;CV MARTORELL NEGRE;CV SANT ADRIÀ LILA;;;pendent;https://resultadosvoleibol.isquad.es/equipo.php?seleccion=0&id_equipo=2800&id=4124
358;CAMPIONAT DE CATALUNYA DE TERCERA DIVISIO JUVENIL;1389;CAMPIONAT DE CATALUNYA 3a DIV. JUV FEM;4124;PRIMERA FASE - GRUP H;primera-fase-grup-h;2800;CV Martorell Negre;VOLEI VILASSAR GROC;CV MARTORELL NEGRE;;;pendent;https://resultadosvoleibol.isquad.es/equipo.php?seleccion=0&id_equipo=2800&id=4124
358;CAMPIONAT DE CATALUNYA DE TERCERA DIVISIO JUVENIL;1389;CAMPIONAT DE CATALUNYA 3a DIV. JUV FEM;4124;PRIMERA FASE - GRUP H;primera-fase-grup-h;2800;CV Martorell Negre;CV MARTORELL NEGRE;CECELL LLEIDA B;;;pendent;https://resultadosvoleibol.isquad.es/equipo.php?seleccion=0&id_equipo=2800&id=4124
358;CAMPIONAT DE CATALUNYA DE TERCERA DIVISIO JUVENIL;1389;CAMPIONAT DE CATALUNYA 3a DIV. JUV FEM;4124;PRIMERA FASE - GRUP H;primera-fase-grup-h;2800;CV Martorell Negre;HUKLA CV ESPLUGUES BLAU;CV MARTORELL NEGRE;;;pendent;https://resultadosvoleibol.isquad.es/equipo.php?seleccion=0&id_equipo=2800&id=4124
358;CAMPIONAT DE CATALUNYA DE TERCERA DIVISIO JUVENIL;1389;CAMPIONAT DE CATALUNYA 3a DIV. JUV FEM;4124;PRIMERA FASE - GRUP H;primera-fase-grup-h;2800;CV Martorell Negre;CV MARTORELL NEGRE;CV VILAFRANCA VERD;;;pendent;https://resultadosvoleibol.isquad.es/equipo.php?seleccion=0&id_equipo=2800&id=4124
358;CAMPIONAT DE CATALUNYA DE TERCERA DIVISIO JUVENIL;1389;CAMPIONAT DE CATALUNYA 3a DIV. JUV FEM;4124;PRIMERA FASE - GRUP H;primera-fase-grup-h;2800;CV Martorell Negre;"AE SANDOR ""A""";CV MARTORELL NEGRE;;;pendent;https://resultadosvoleibol.isquad.es/equipo.php?seleccion=0&id_equipo=2800&id=4124
358;CAMPIONAT DE CATALUNYA DE TERCERA DIVISIO JUVENIL;1389;CAMPIONAT DE CATALUNYA 3a DIV. JUV FEM;4124;PRIMERA FASE - GRUP H;primera-fase-grup-h;2800;CV Martorell Negre;CV MARTORELL NEGRE;REVOLLO IVC JUVENIL FEMENI 1;;;pendent;https://resultadosvoleibol.isquad.es/equipo.php?seleccion=0&id_equipo=2800&id=4124
358;CAMPIONAT DE CATALUNYA DE TERCERA DIVISIO JUVENIL;1389;CAMPIONAT DE CATALUNYA 3a DIV. JUV FEM;4124;PRIMERA FASE - GRUP H;primera-fase-grup-h;2800;CV Martorell Negre;CV SANT ADRIÀ LILA;CV MARTORELL NEGRE;;;pendent;https://resultadosvoleibol.isquad.es/equipo.php?seleccion=0&id_equipo=2800&id=4124
358;CAMPIONAT DE CATALUNYA DE TERCERA DIVISIO JUVENIL;1389;CAMPIONAT DE CATALUNYA 3a DIV. JUV FEM;4124;PRIMERA FASE - GRUP H;primera-fase-grup-h;2800;CV Martorell Negre;CV MARTORELL NEGRE;VOLEI VILASSAR GROC;;;pendent;https://resultadosvoleibol.isquad.es/equipo.php?seleccion=0&id_equipo=2800&id=4124
359;CAMPIONAT DE CATALUNYA DE QUARTA DIVISIO JUVENIL;1390;CAMPIONAT DE CATALUNYA 4a DIV. JUV FEM;4159;PRIMERA FASE - GRUP H;primera-fase-grup-h;3424;CV Martorell Blau;ALPICAT VOLEI BLANC;CV MARTORELL BLAU;1-3;13:00 27/09/2026;jugat;https://resultadosvoleibol.isquad.es/equipo.php?seleccion=0&id_equipo=3424&id=4159
359;CAMPIONAT DE CATALUNYA DE QUARTA DIVISIO JUVENIL;1390;CAMPIONAT DE CATALUNYA 4a DIV. JUV FEM;4159;PRIMERA FASE - GRUP H;primera-fase-grup-h;3424;CV Martorell Blau;CLUB VOLEI MONJOS BLAU;CV MARTORELL BLAU;;10:45 03/10/2026;pendent;https://resultadosvoleibol.isquad.es/equipo.php?seleccion=0&id_equipo=3424&id=4159
359;CAMPIONAT DE CATALUNYA DE QUARTA DIVISIO JUVENIL;1390;CAMPIONAT DE CATALUNYA 4a DIV. JUV FEM;4159;PRIMERA FASE - GRUP H;primera-fase-grup-h;3424;CV Martorell Blau;CV MARTORELL BLAU;CV ENCAMP;;;pendent;https://resultadosvoleibol.isquad.es/equipo.php?seleccion=0&id_equipo=3424&id=4159
359;CAMPIONAT DE CATALUNYA DE QUARTA DIVISIO JUVENIL;1390;CAMPIONAT DE CATALUNYA 4a DIV. JUV FEM;4159;PRIMERA FASE - GRUP H;primera-fase-grup-h;3424;CV Martorell Blau;CLUB VOLEI SANT SADURNI;CV MARTORELL BLAU;;;pendent;https://resultadosvoleibol.isquad.es/equipo.php?seleccion=0&id_equipo=3424&id=4159
359;CAMPIONAT DE CATALUNYA DE QUARTA DIVISIO JUVENIL;1390;CAMPIONAT DE CATALUNYA 4a DIV. JUV FEM;4159;PRIMERA FASE - GRUP H;primera-fase-grup-h;3424;CV Martorell Blau;CV MARTORELL BLAU;CECELL BLAU;;;pendent;https://resultadosvoleibol.isquad.es/equipo.php?seleccion=0&id_equipo=3424&id=4159
359;CAMPIONAT DE CATALUNYA DE QUARTA DIVISIO JUVENIL;1390;CAMPIONAT DE CATALUNYA 4a DIV. JUV FEM;4159;PRIMERA FASE - GRUP H;primera-fase-grup-h;3424;CV Martorell Blau;CV VILAFRANCA NEGRE;CV MARTORELL BLAU;;;pendent;https://resultadosvoleibol.isquad.es/equipo.php?seleccion=0&id_equipo=3424&id=4159
359;CAMPIONAT DE CATALUNYA DE QUARTA DIVISIO JUVENIL;1390;CAMPIONAT DE CATALUNYA 4a DIV. JUV FEM;4159;PRIMERA FASE - GRUP H;primera-fase-grup-h;3424;CV Martorell Blau;CV MARTORELL BLAU;CE HORTONS JFB;;;pendent;https://resultadosvoleibol.isquad.es/equipo.php?seleccion=0&id_equipo=3424&id=4159
359;CAMPIONAT DE CATALUNYA DE QUARTA DIVISIO JUVENIL;1390;CAMPIONAT DE CATALUNYA 4a DIV. JUV FEM;4159;PRIMERA FASE - GRUP H;primera-fase-grup-h;3424;CV Martorell Blau;CV MARTORELL BLAU;ALPICAT VOLEI BLANC;;;pendent;https://resultadosvoleibol.isquad.es/equipo.php?seleccion=0&id_equipo=3424&id=4159
359;CAMPIONAT DE CATALUNYA DE QUARTA DIVISIO JUVENIL;1390;CAMPIONAT DE CATALUNYA 4a DIV. JUV FEM;4159;PRIMERA FASE - GRUP H;primera-fase-grup-h;3424;CV Martorell Blau;CV MARTORELL BLAU;CLUB VOLEI MONJOS BLAU;;;pendent;https://resultadosvoleibol.isquad.es/equipo.php?seleccion=0&id_equipo=3424&id=4159
359;CAMPIONAT DE CATALUNYA DE QUARTA DIVISIO JUVENIL;1390;CAMPIONAT DE CATALUNYA 4a DIV. JUV FEM;4159;PRIMERA FASE - GRUP H;primera-fase-grup-h;3424;CV Martorell Blau;CV ENCAMP;CV MARTORELL BLAU;;;pendent;https://resultadosvoleibol.isquad.es/equipo.php?seleccion=0&id_equipo=3424&id=4159
359;CAMPIONAT DE CATALUNYA DE QUARTA DIVISIO JUVENIL;1390;CAMPIONAT DE CATALUNYA 4a DIV. JUV FEM;4159;PRIMERA FASE - GRUP H;primera-fase-grup-h;3424;CV Martorell Blau;CV MARTORELL BLAU;CLUB VOLEI SANT SADURNI;;;pendent;https://resultadosvoleibol.isquad.es/equipo.php?seleccion=0&id_equipo=3424&id=4159
359;CAMPIONAT DE CATALUNYA DE QUARTA DIVISIO JUVENIL;1390;CAMPIONAT DE CATALUNYA 4a DIV. JUV FEM;4159;PRIMERA FASE - GRUP H;primera-fase-grup-h;3424;CV Martorell Blau;CECELL BLAU;CV MARTORELL BLAU;;;pendent;https://resultadosvoleibol.isquad.es/equipo.php?seleccion=0&id_equipo=3424&id=4159
359;CAMPIONAT DE CATALUNYA DE QUARTA DIVISIO JUVENIL;1390;CAMPIONAT DE CATALUNYA 4a DIV. JUV FEM;4159;PRIMERA FASE - GRUP H;primera-fase-grup-h;3424;CV Martorell Blau;CV MARTORELL BLAU;CV VILAFRANCA NEGRE;;;pendent;https://resultadosvoleibol.isquad.es/equipo.php?seleccion=0&id_equipo=3424&id=4159
359;CAMPIONAT DE CATALUNYA DE QUARTA DIVISIO JUVENIL;1390;CAMPIONAT DE CATALUNYA 4a DIV. JUV FEM;4159;PRIMERA FASE - GRUP H;primera-fase-grup-h;3424;CV Martorell Blau;CE HORTONS JFB;CV MARTORELL BLAU;;;pendent;https://resultadosvoleibol.isquad.es/equipo.php?seleccion=0&id_equipo=3424&id=4159
362;CAMPIONAT DE CATALUNYA DE TERCERA DIVISIO CADET;1394;CAMPIONAT DE CATALUNYA 3a DIV. CAD FEM;4151;PRIMERA FASE - GRUP H;primera-fase-grup-h;2794;CV Martorell Negre;CECELL LLEIDA B;CV MARTORELL NEGRE;3-2;10:45 26/09/2026;jugat;https://resultadosvoleibol.isquad.es/equipo.php?seleccion=0&id_equipo=2794&id=4151
362;CAMPIONAT DE CATALUNYA DE TERCERA DIVISIO CADET;1394;CAMPIONAT DE CATALUNYA 3a DIV. CAD FEM;4151;PRIMERA FASE - GRUP H;primera-fase-grup-h;2794;CV Martorell Negre;CV MARTORELL NEGRE;HUKLA CV ESPLUGUES BLAU;;11:00 04/10/2026;pendent;https://resultadosvoleibol.isquad.es/equipo.php?seleccion=0&id_equipo=2794&id=4151
362;CAMPIONAT DE CATALUNYA DE TERCERA DIVISIO CADET;1394;CAMPIONAT DE CATALUNYA 3a DIV. CAD FEM;4151;PRIMERA FASE - GRUP H;primera-fase-grup-h;2794;CV Martorell Negre;CV VILAFRANCA VERD;CV MARTORELL NEGRE;;;pendent;https://resultadosvoleibol.isquad.es/equipo.php?seleccion=0&id_equipo=2794&id=4151
362;CAMPIONAT DE CATALUNYA DE TERCERA DIVISIO CADET;1394;CAMPIONAT DE CATALUNYA 3a DIV. CAD FEM;4151;PRIMERA FASE - GRUP H;primera-fase-grup-h;2794;CV Martorell Negre;CV MARTORELL NEGRE;"AE SANDOR ""A""";;;pendent;https://resultadosvoleibol.isquad.es/equipo.php?seleccion=0&id_equipo=2794&id=4151
362;CAMPIONAT DE CATALUNYA DE TERCERA DIVISIO CADET;1394;CAMPIONAT DE CATALUNYA 3a DIV. CAD FEM;4151;PRIMERA FASE - GRUP H;primera-fase-grup-h;2794;CV Martorell Negre;REVOLLO IVC CADET FEMENI 1;CV MARTORELL NEGRE;;;pendent;https://resultadosvoleibol.isquad.es/equipo.php?seleccion=0&id_equipo=2794&id=4151
362;CAMPIONAT DE CATALUNYA DE TERCERA DIVISIO CADET;1394;CAMPIONAT DE CATALUNYA 3a DIV. CAD FEM;4151;PRIMERA FASE - GRUP H;primera-fase-grup-h;2794;CV Martorell Negre;CV MARTORELL NEGRE;CV SANT ADRIÀ LILA;;;pendent;https://resultadosvoleibol.isquad.es/equipo.php?seleccion=0&id_equipo=2794&id=4151
362;CAMPIONAT DE CATALUNYA DE TERCERA DIVISIO CADET;1394;CAMPIONAT DE CATALUNYA 3a DIV. CAD FEM;4151;PRIMERA FASE - GRUP H;primera-fase-grup-h;2794;CV Martorell Negre;VOLEI VILASSAR GROC;CV MARTORELL NEGRE;;;pendent;https://resultadosvoleibol.isquad.es/equipo.php?seleccion=0&id_equipo=2794&id=4151
362;CAMPIONAT DE CATALUNYA DE TERCERA DIVISIO CADET;1394;CAMPIONAT DE CATALUNYA 3a DIV. CAD FEM;4151;PRIMERA FASE - GRUP H;primera-fase-grup-h;2794;CV Martorell Negre;CV MARTORELL NEGRE;CECELL LLEIDA B;;;pendent;https://resultadosvoleibol.isquad.es/equipo.php?seleccion=0&id_equipo=2794&id=4151
362;CAMPIONAT DE CATALUNYA DE TERCERA DIVISIO CADET;1394;CAMPIONAT DE CATALUNYA 3a DIV. CAD FEM;4151;PRIMERA FASE - GRUP H;primera-fase-grup-h;2794;CV Martorell Negre;HUKLA CV ESPLUGUES BLAU;CV MARTORELL NEGRE;;;pendent;https://resultadosvoleibol.isquad.es/equipo.php?seleccion=0&id_equipo=2794&id=4151
362;CAMPIONAT DE CATALUNYA DE TERCERA DIVISIO CADET;1394;CAMPIONAT DE CATALUNYA 3a DIV. CAD FEM;4151;PRIMERA FASE - GRUP H;primera-fase-grup-h;2794;CV Martorell Negre;CV MARTORELL NEGRE;CV VILAFRANCA VERD;;;pendent;https://resultadosvoleibol.isquad.es/equipo.php?seleccion=0&id_equipo=2794&id=4151
362;CAMPIONAT DE CATALUNYA DE TERCERA DIVISIO CADET;1394;CAMPIONAT DE CATALUNYA 3a DIV. CAD FEM;4151;PRIMERA FASE - GRUP H;primera-fase-grup-h;2794;CV Martorell Negre;"AE SANDOR ""A""";CV MARTORELL NEGRE;;;pendent;https://resultadosvoleibol.isquad.es/equipo.php?seleccion=0&id_equipo=2794&id=4151
362;CAMPIONAT DE CATALUNYA DE TERCERA DIVISIO CADET;1394;CAMPIONAT DE CATALUNYA 3a DIV. CAD FEM;4151;PRIMERA FASE - GRUP H;primera-fase-grup-h;2794;CV Martorell Negre;CV MARTORELL NEGRE;REVOLLO IVC CADET FEMENI 1;;;pendent;https://resultadosvoleibol.isquad.es/equipo.php?seleccion=0&id_equipo=2794&id=4151
362;CAMPIONAT DE CATALUNYA DE TERCERA DIVISIO CADET;1394;CAMPIONAT DE CATALUNYA 3a DIV. CAD FEM;4151;PRIMERA FASE - GRUP H;primera-fase-grup-h;2794;CV Martorell Negre;CV SANT ADRIÀ LILA;CV MARTORELL NEGRE;;;pendent;https://resultadosvoleibol.isquad.es/equipo.php?seleccion=0&id_equipo=2794&id=4151
362;CAMPIONAT DE CATALUNYA DE TERCERA DIVISIO CADET;1394;CAMPIONAT DE CATALUNYA 3a DIV. CAD FEM;4151;PRIMERA FASE - GRUP H;primera-fase-grup-h;2794;CV Martorell Negre;CV MARTORELL NEGRE;VOLEI VILASSAR GROC;;;pendent;https://resultadosvoleibol.isquad.es/equipo.php?seleccion=0&id_equipo=2794&id=4151
363;CAMPIONAT DE CATALUNYA DE QUARTA DIVISIO CADET;1395;CAMPIONAT DE CATALUNYA 4a DIV. CAD FEM;4179;PRIMERA FASE - GRUP H;primera-fase-grup-h;2824;CV Martorell Blau;ALPICAT VOLEI BLANC;CV MARTORELL BLAU;0-3;11:00 27/09/2026;jugat;https://resultadosvoleibol.isquad.es/equipo.php?seleccion=0&id_equipo=2824&id=4179
363;CAMPIONAT DE CATALUNYA DE QUARTA DIVISIO CADET;1395;CAMPIONAT DE CATALUNYA 4a DIV. CAD FEM;4179;PRIMERA FASE - GRUP H;primera-fase-grup-h;2824;CV Martorell Blau;CLUB VOLEI MONJOS BLAU;CV MARTORELL BLAU;;9:00 03/10/2026;pendent;https://resultadosvoleibol.isquad.es/equipo.php?seleccion=0&id_equipo=2824&id=4179
363;CAMPIONAT DE CATALUNYA DE QUARTA DIVISIO CADET;1395;CAMPIONAT DE CATALUNYA 4a DIV. CAD FEM;4179;PRIMERA FASE - GRUP H;primera-fase-grup-h;2824;CV Martorell Blau;CV MARTORELL BLAU;CV ENCAMP;;;pendent;https://resultadosvoleibol.isquad.es/equipo.php?seleccion=0&id_equipo=2824&id=4179
363;CAMPIONAT DE CATALUNYA DE QUARTA DIVISIO CADET;1395;CAMPIONAT DE CATALUNYA 4a DIV. CAD FEM;4179;PRIMERA FASE - GRUP H;primera-fase-grup-h;2824;CV Martorell Blau;CLUB VOLEI SANT SADURNI;CV MARTORELL BLAU;;;pendent;https://resultadosvoleibol.isquad.es/equipo.php?seleccion=0&id_equipo=2824&id=4179
363;CAMPIONAT DE CATALUNYA DE QUARTA DIVISIO CADET;1395;CAMPIONAT DE CATALUNYA 4a DIV. CAD FEM;4179;PRIMERA FASE - GRUP H;primera-fase-grup-h;2824;CV Martorell Blau;CV MARTORELL BLAU;CECELL BLAU;;;pendent;https://resultadosvoleibol.isquad.es/equipo.php?seleccion=0&id_equipo=2824&id=4179
363;CAMPIONAT DE CATALUNYA DE QUARTA DIVISIO CADET;1395;CAMPIONAT DE CATALUNYA 4a DIV. CAD FEM;4179;PRIMERA FASE - GRUP H;primera-fase-grup-h;2824;CV Martorell Blau;CV VILAFRANCA NEGRE;CV MARTORELL BLAU;;;pendent;https://resultadosvoleibol.isquad.es/equipo.php?seleccion=0&id_equipo=2824&id=4179
363;CAMPIONAT DE CATALUNYA DE QUARTA DIVISIO CADET;1395;CAMPIONAT DE CATALUNYA 4a DIV. CAD FEM;4179;PRIMERA FASE - GRUP H;primera-fase-grup-h;2824;CV Martorell Blau;CV MARTORELL BLAU;CE HORTONS CFB;;;pendent;https://resultadosvoleibol.isquad.es/equipo.php?seleccion=0&id_equipo=2824&id=4179
363;CAMPIONAT DE CATALUNYA DE QUARTA DIVISIO CADET;1395;CAMPIONAT DE CATALUNYA 4a DIV. CAD FEM;4179;PRIMERA FASE - GRUP H;primera-fase-grup-h;2824;CV Martorell Blau;CV MARTORELL BLAU;ALPICAT VOLEI BLANC;;;pendent;https://resultadosvoleibol.isquad.es/equipo.php?seleccion=0&id_equipo=2824&id=4179
363;CAMPIONAT DE CATALUNYA DE QUARTA DIVISIO CADET;1395;CAMPIONAT DE CATALUNYA 4a DIV. CAD FEM;4179;PRIMERA FASE - GRUP H;primera-fase-grup-h;2824;CV Martorell Blau;CV MARTORELL BLAU;CLUB VOLEI MONJOS BLAU;;;pendent;https://resultadosvoleibol.isquad.es/equipo.php?seleccion=0&id_equipo=2824&id=4179
363;CAMPIONAT DE CATALUNYA DE QUARTA DIVISIO CADET;1395;CAMPIONAT DE CATALUNYA 4a DIV. CAD FEM;4179;PRIMERA FASE - GRUP H;primera-fase-grup-h;2824;CV Martorell Blau;CV ENCAMP;CV MARTORELL BLAU;;;pendent;https://resultadosvoleibol.isquad.es/equipo.php?seleccion=0&id_equipo=2824&id=4179
363;CAMPIONAT DE CATALUNYA DE QUARTA DIVISIO CADET;1395;CAMPIONAT DE CATALUNYA 4a DIV. CAD FEM;4179;PRIMERA FASE - GRUP H;primera-fase-grup-h;2824;CV Martorell Blau;CV MARTORELL BLAU;CLUB VOLEI SANT SADURNI;;;pendent;https://resultadosvoleibol.isquad.es/equipo.php?seleccion=0&id_equipo=2824&id=4179
363;CAMPIONAT DE CATALUNYA DE QUARTA DIVISIO CADET;1395;CAMPIONAT DE CATALUNYA 4a DIV. CAD FEM;4179;PRIMERA FASE - GRUP H;primera-fase-grup-h;2824;CV Martorell Blau;CECELL BLAU;CV MARTORELL BLAU;;;pendent;https://resultadosvoleibol.isquad.es/equipo.php?seleccion=0&id_equipo=2824&id=4179
363;CAMPIONAT DE CATALUNYA DE QUARTA DIVISIO CADET;1395;CAMPIONAT DE CATALUNYA 4a DIV. CAD FEM;4179;PRIMERA FASE - GRUP H;primera-fase-grup-h;2824;CV Martorell Blau;CV MARTORELL BLAU;CV VILAFRANCA NEGRE;;;pendent;https://resultadosvoleibol.isquad.es/equipo.php?seleccion=0&id_equipo=2824&id=4179
363;CAMPIONAT DE CATALUNYA DE QUARTA DIVISIO CADET;1395;CAMPIONAT DE CATALUNYA 4a DIV. CAD FEM;4179;PRIMERA FASE - GRUP H;primera-fase-grup-h;2824;CV Martorell Blau;CE HORTONS CFB;CV MARTORELL BLAU;;;pendent;https://resultadosvoleibol.isquad.es/equipo.php?seleccion=0&id_equipo=2824&id=4179
365;CAMPIONAT DE CATALUNYA DE CADET PREFERENT;1402;CAMPIONAT DE CATALUNYA PREFERENT CAD FEM;4108;PRIMERA FASE - GRUP F;primera-fase-grup-f;6408;CV Martorell Vermell;CV MARTORELL VERMELL;AE VOLEI MANRESA NEGRE;;9:00 08/11/2026;pendent;https://resultadosvoleibol.isquad.es/equipo.php?seleccion=0&id_equipo=6408&id=4108
365;CAMPIONAT DE CATALUNYA DE CADET PREFERENT;1402;CAMPIONAT DE CATALUNYA PREFERENT CAD FEM;4108;PRIMERA FASE - GRUP F;primera-fase-grup-f;6408;CV Martorell Vermell;CV CUBELLES BLAU;CV MARTORELL VERMELL;;10:45 04/10/2026;pendent;https://resultadosvoleibol.isquad.es/equipo.php?seleccion=0&id_equipo=6408&id=4108
365;CAMPIONAT DE CATALUNYA DE CADET PREFERENT;1402;CAMPIONAT DE CATALUNYA PREFERENT CAD FEM;4108;PRIMERA FASE - GRUP F;primera-fase-grup-f;6408;CV Martorell Vermell;CV MARTORELL VERMELL;CLUB VÒLEI SANT MARTÍ CADET PREFERENT;;;pendent;https://resultadosvoleibol.isquad.es/equipo.php?seleccion=0&id_equipo=6408&id=4108
365;CAMPIONAT DE CATALUNYA DE CADET PREFERENT;1402;CAMPIONAT DE CATALUNYA PREFERENT CAD FEM;4108;PRIMERA FASE - GRUP F;primera-fase-grup-f;6408;CV Martorell Vermell;IGUALADA V.C. CADET FEMENI 3;CV MARTORELL VERMELL;;;pendent;https://resultadosvoleibol.isquad.es/equipo.php?seleccion=0&id_equipo=6408&id=4108
365;CAMPIONAT DE CATALUNYA DE CADET PREFERENT;1402;CAMPIONAT DE CATALUNYA PREFERENT CAD FEM;4108;PRIMERA FASE - GRUP F;primera-fase-grup-f;6408;CV Martorell Vermell;CV MARTORELL VERMELL;CLUB VOLEIBOL CUNIT;;;pendent;https://resultadosvoleibol.isquad.es/equipo.php?seleccion=0&id_equipo=6408&id=4108
365;CAMPIONAT DE CATALUNYA DE CADET PREFERENT;1402;CAMPIONAT DE CATALUNYA PREFERENT CAD FEM;4108;PRIMERA FASE - GRUP F;primera-fase-grup-f;6408;CV Martorell Vermell;CV MARTORELL VERMELL;VOLEI SANTPEDOR N;;;pendent;https://resultadosvoleibol.isquad.es/equipo.php?seleccion=0&id_equipo=6408&id=4108
365;CAMPIONAT DE CATALUNYA DE CADET PREFERENT;1402;CAMPIONAT DE CATALUNYA PREFERENT CAD FEM;4108;PRIMERA FASE - GRUP F;primera-fase-grup-f;6408;CV Martorell Vermell;CLUB VOLEI MONJOS ROSA;CV MARTORELL VERMELL;;;pendent;https://resultadosvoleibol.isquad.es/equipo.php?seleccion=0&id_equipo=6408&id=4108
365;CAMPIONAT DE CATALUNYA DE CADET PREFERENT;1402;CAMPIONAT DE CATALUNYA PREFERENT CAD FEM;4108;PRIMERA FASE - GRUP F;primera-fase-grup-f;6408;CV Martorell Vermell;AE VOLEI MANRESA NEGRE;CV MARTORELL VERMELL;;;pendent;https://resultadosvoleibol.isquad.es/equipo.php?seleccion=0&id_equipo=6408&id=4108
365;CAMPIONAT DE CATALUNYA DE CADET PREFERENT;1402;CAMPIONAT DE CATALUNYA PREFERENT CAD FEM;4108;PRIMERA FASE - GRUP F;primera-fase-grup-f;6408;CV Martorell Vermell;CV MARTORELL VERMELL;CV CUBELLES BLAU;;;pendent;https://resultadosvoleibol.isquad.es/equipo.php?seleccion=0&id_equipo=6408&id=4108
365;CAMPIONAT DE CATALUNYA DE CADET PREFERENT;1402;CAMPIONAT DE CATALUNYA PREFERENT CAD FEM;4108;PRIMERA FASE - GRUP F;primera-fase-grup-f;6408;CV Martorell Vermell;CLUB VÒLEI SANT MARTÍ CADET PREFERENT;CV MARTORELL VERMELL;;;pendent;https://resultadosvoleibol.isquad.es/equipo.php?seleccion=0&id_equipo=6408&id=4108
365;CAMPIONAT DE CATALUNYA DE CADET PREFERENT;1402;CAMPIONAT DE CATALUNYA PREFERENT CAD FEM;4108;PRIMERA FASE - GRUP F;primera-fase-grup-f;6408;CV Martorell Vermell;CV MARTORELL VERMELL;IGUALADA V.C. CADET FEMENI 3;;;pendent;https://resultadosvoleibol.isquad.es/equipo.php?seleccion=0&id_equipo=6408&id=4108
365;CAMPIONAT DE CATALUNYA DE CADET PREFERENT;1402;CAMPIONAT DE CATALUNYA PREFERENT CAD FEM;4108;PRIMERA FASE - GRUP F;primera-fase-grup-f;6408;CV Martorell Vermell;CLUB VOLEIBOL CUNIT;CV MARTORELL VERMELL;;;pendent;https://resultadosvoleibol.isquad.es/equipo.php?seleccion=0&id_equipo=6408&id=4108
365;CAMPIONAT DE CATALUNYA DE CADET PREFERENT;1402;CAMPIONAT DE CATALUNYA PREFERENT CAD FEM;4108;PRIMERA FASE - GRUP F;primera-fase-grup-f;6408;CV Martorell Vermell;VOLEI SANTPEDOR N;CV MARTORELL VERMELL;;;pendent;https://resultadosvoleibol.isquad.es/equipo.php?seleccion=0&id_equipo=6408&id=4108
365;CAMPIONAT DE CATALUNYA DE CADET PREFERENT;1402;CAMPIONAT DE CATALUNYA PREFERENT CAD FEM;4108;PRIMERA FASE - GRUP F;primera-fase-grup-f;6408;CV Martorell Vermell;CV MARTORELL VERMELL;CLUB VOLEI MONJOS ROSA;;;pendent;https://resultadosvoleibol.isquad.es/equipo.php?seleccion=0&id_equipo=6408&id=4108
365;CAMPIONAT DE CATALUNYA DE CADET PREFERENT;1403;CAMPIONAT DE CATALUNYA PREFERENT CAD MASC;4076;PRIMERA FASE - GRUP B;primera-fase-grup-b;6409;CV Martorell Negre;CV PALAU D'ANGLESOLA;CV MARTORELL NEGRE;0-3;10:30 27/09/2026;jugat;https://resultadosvoleibol.isquad.es/equipo.php?seleccion=0&id_equipo=6409&id=4076
365;CAMPIONAT DE CATALUNYA DE CADET PREFERENT;1403;CAMPIONAT DE CATALUNYA PREFERENT CAD MASC;4076;PRIMERA FASE - GRUP B;primera-fase-grup-b;6409;CV Martorell Negre;IGUALADA V.C. CADET MASCULI 2;CV MARTORELL NEGRE;;16:15 03/10/2026;pendent;https://resultadosvoleibol.isquad.es/equipo.php?seleccion=0&id_equipo=6409&id=4076
365;CAMPIONAT DE CATALUNYA DE CADET PREFERENT;1403;CAMPIONAT DE CATALUNYA PREFERENT CAD MASC;4076;PRIMERA FASE - GRUP B;primera-fase-grup-b;6409;CV Martorell Negre;CV MARTORELL NEGRE;CV MATARO BLAU;;;pendent;https://resultadosvoleibol.isquad.es/equipo.php?seleccion=0&id_equipo=6409&id=4076
365;CAMPIONAT DE CATALUNYA DE CADET PREFERENT;1403;CAMPIONAT DE CATALUNYA PREFERENT CAD MASC;4076;PRIMERA FASE - GRUP B;primera-fase-grup-b;6409;CV Martorell Negre;CEV L'HOSPITALET;CV MARTORELL NEGRE;;;pendent;https://resultadosvoleibol.isquad.es/equipo.php?seleccion=0&id_equipo=6409&id=4076
365;CAMPIONAT DE CATALUNYA DE CADET PREFERENT;1403;CAMPIONAT DE CATALUNYA PREFERENT CAD MASC;4076;PRIMERA FASE - GRUP B;primera-fase-grup-b;6409;CV Martorell Negre;CV MARTORELL NEGRE;CV SANT ANDREU BLAU;;;pendent;https://resultadosvoleibol.isquad.es/equipo.php?seleccion=0&id_equipo=6409&id=4076
365;CAMPIONAT DE CATALUNYA DE CADET PREFERENT;1403;CAMPIONAT DE CATALUNYA PREFERENT CAD MASC;4076;PRIMERA FASE - GRUP B;primera-fase-grup-b;6409;CV Martorell Negre;CV VILAFRANCA VERD;CV MARTORELL NEGRE;;;pendent;https://resultadosvoleibol.isquad.es/equipo.php?seleccion=0&id_equipo=6409&id=4076
365;CAMPIONAT DE CATALUNYA DE CADET PREFERENT;1403;CAMPIONAT DE CATALUNYA PREFERENT CAD MASC;4076;PRIMERA FASE - GRUP B;primera-fase-grup-b;6409;CV Martorell Negre;CV MARTORELL NEGRE;CV VALL D'HEBRON STAR;;;pendent;https://resultadosvoleibol.isquad.es/equipo.php?seleccion=0&id_equipo=6409&id=4076
365;CAMPIONAT DE CATALUNYA DE CADET PREFERENT;1403;CAMPIONAT DE CATALUNYA PREFERENT CAD MASC;4076;PRIMERA FASE - GRUP B;primera-fase-grup-b;6409;CV Martorell Negre;CV MARTORELL NEGRE;CV PALAU D'ANGLESOLA;;;pendent;https://resultadosvoleibol.isquad.es/equipo.php?seleccion=0&id_equipo=6409&id=4076
365;CAMPIONAT DE CATALUNYA DE CADET PREFERENT;1403;CAMPIONAT DE CATALUNYA PREFERENT CAD MASC;4076;PRIMERA FASE - GRUP B;primera-fase-grup-b;6409;CV Martorell Negre;CV MARTORELL NEGRE;IGUALADA V.C. CADET MASCULI 2;;;pendent;https://resultadosvoleibol.isquad.es/equipo.php?seleccion=0&id_equipo=6409&id=4076
365;CAMPIONAT DE CATALUNYA DE CADET PREFERENT;1403;CAMPIONAT DE CATALUNYA PREFERENT CAD MASC;4076;PRIMERA FASE - GRUP B;primera-fase-grup-b;6409;CV Martorell Negre;CV MATARO BLAU;CV MARTORELL NEGRE;;;pendent;https://resultadosvoleibol.isquad.es/equipo.php?seleccion=0&id_equipo=6409&id=4076
365;CAMPIONAT DE CATALUNYA DE CADET PREFERENT;1403;CAMPIONAT DE CATALUNYA PREFERENT CAD MASC;4076;PRIMERA FASE - GRUP B;primera-fase-grup-b;6409;CV Martorell Negre;CV MARTORELL NEGRE;CEV L'HOSPITALET;;;pendent;https://resultadosvoleibol.isquad.es/equipo.php?seleccion=0&id_equipo=6409&id=4076
365;CAMPIONAT DE CATALUNYA DE CADET PREFERENT;1403;CAMPIONAT DE CATALUNYA PREFERENT CAD MASC;4076;PRIMERA FASE - GRUP B;primera-fase-grup-b;6409;CV Martorell Negre;CV SANT ANDREU BLAU;CV MARTORELL NEGRE;;;pendent;https://resultadosvoleibol.isquad.es/equipo.php?seleccion=0&id_equipo=6409&id=4076
365;CAMPIONAT DE CATALUNYA DE CADET PREFERENT;1403;CAMPIONAT DE CATALUNYA PREFERENT CAD MASC;4076;PRIMERA FASE - GRUP B;primera-fase-grup-b;6409;CV Martorell Negre;CV MARTORELL NEGRE;CV VILAFRANCA VERD;;;pendent;https://resultadosvoleibol.isquad.es/equipo.php?seleccion=0&id_equipo=6409&id=4076
365;CAMPIONAT DE CATALUNYA DE CADET PREFERENT;1403;CAMPIONAT DE CATALUNYA PREFERENT CAD MASC;4076;PRIMERA FASE - GRUP B;primera-fase-grup-b;6409;CV Martorell Negre;CV VALL D'HEBRON STAR;CV MARTORELL NEGRE;;;pendent;https://resultadosvoleibol.isquad.es/equipo.php?seleccion=0&id_equipo=6409&id=4076
368;CAMPIONAT DE CATALUNYA DE SEGONA DIVISIO INFANTIL;1398;CAMPIONAT DE CATALUNYA 2a DIV. INF FEM;4138;PRIMERA FASE - GRUP M;primera-fase-grup-m;3432;CV Martorell Negre;CV MARTORELL NEGRE;ALPICAT VOLEI VERMELL;3-2;11:00 27/09/2026;jugat;https://resultadosvoleibol.isquad.es/equipo.php?seleccion=0&id_equipo=3432&id=4138
368;CAMPIONAT DE CATALUNYA DE SEGONA DIVISIO INFANTIL;1398;CAMPIONAT DE CATALUNYA 2a DIV. INF FEM;4138;PRIMERA FASE - GRUP M;primera-fase-grup-m;3432;CV Martorell Negre;CV MARTORELL NEGRE;CLUB VÒLEI SANT MARTÍ INF NEGRE;;9:00 04/10/2026;pendent;https://resultadosvoleibol.isquad.es/equipo.php?seleccion=0&id_equipo=3432&id=4138
368;CAMPIONAT DE CATALUNYA DE SEGONA DIVISIO INFANTIL;1398;CAMPIONAT DE CATALUNYA 2a DIV. INF FEM;4138;PRIMERA FASE - GRUP M;primera-fase-grup-m;3432;CV Martorell Negre;CECELL CLAVER BLANC;CV MARTORELL NEGRE;;;pendent;https://resultadosvoleibol.isquad.es/equipo.php?seleccion=0&id_equipo=3432&id=4138
368;CAMPIONAT DE CATALUNYA DE SEGONA DIVISIO INFANTIL;1398;CAMPIONAT DE CATALUNYA 2a DIV. INF FEM;4138;PRIMERA FASE - GRUP M;primera-fase-grup-m;3432;CV Martorell Negre;CV MARTORELL NEGRE;VOLEI PAIDOS VERD;;;pendent;https://resultadosvoleibol.isquad.es/equipo.php?seleccion=0&id_equipo=3432&id=4138
368;CAMPIONAT DE CATALUNYA DE SEGONA DIVISIO INFANTIL;1398;CAMPIONAT DE CATALUNYA 2a DIV. INF FEM;4138;PRIMERA FASE - GRUP M;primera-fase-grup-m;3432;CV Martorell Negre;CLUB VOLEI MONJOS BLANC;CV MARTORELL NEGRE;;;pendent;https://resultadosvoleibol.isquad.es/equipo.php?seleccion=0&id_equipo=3432&id=4138
368;CAMPIONAT DE CATALUNYA DE SEGONA DIVISIO INFANTIL;1398;CAMPIONAT DE CATALUNYA 2a DIV. INF FEM;4138;PRIMERA FASE - GRUP M;primera-fase-grup-m;3432;CV Martorell Negre;CV MARTORELL NEGRE;LA TORRE DE CLARAMUNT VC IFA;;;pendent;https://resultadosvoleibol.isquad.es/equipo.php?seleccion=0&id_equipo=3432&id=4138
368;CAMPIONAT DE CATALUNYA DE SEGONA DIVISIO INFANTIL;1398;CAMPIONAT DE CATALUNYA 2a DIV. INF FEM;4138;PRIMERA FASE - GRUP M;primera-fase-grup-m;3432;CV Martorell Negre;IGUALADA VC INFANTIL FEMENI 1;CV MARTORELL NEGRE;;;pendent;https://resultadosvoleibol.isquad.es/equipo.php?seleccion=0&id_equipo=3432&id=4138
368;CAMPIONAT DE CATALUNYA DE SEGONA DIVISIO INFANTIL;1398;CAMPIONAT DE CATALUNYA 2a DIV. INF FEM;4138;PRIMERA FASE - GRUP M;primera-fase-grup-m;3432;CV Martorell Negre;ALPICAT VOLEI VERMELL;CV MARTORELL NEGRE;;;pendent;https://resultadosvoleibol.isquad.es/equipo.php?seleccion=0&id_equipo=3432&id=4138
368;CAMPIONAT DE CATALUNYA DE SEGONA DIVISIO INFANTIL;1398;CAMPIONAT DE CATALUNYA 2a DIV. INF FEM;4138;PRIMERA FASE - GRUP M;primera-fase-grup-m;3432;CV Martorell Negre;CLUB VÒLEI SANT MARTÍ INF NEGRE;CV MARTORELL NEGRE;;;pendent;https://resultadosvoleibol.isquad.es/equipo.php?seleccion=0&id_equipo=3432&id=4138
368;CAMPIONAT DE CATALUNYA DE SEGONA DIVISIO INFANTIL;1398;CAMPIONAT DE CATALUNYA 2a DIV. INF FEM;4138;PRIMERA FASE - GRUP M;primera-fase-grup-m;3432;CV Martorell Negre;CV MARTORELL NEGRE;CECELL CLAVER BLANC;;;pendent;https://resultadosvoleibol.isquad.es/equipo.php?seleccion=0&id_equipo=3432&id=4138
368;CAMPIONAT DE CATALUNYA DE SEGONA DIVISIO INFANTIL;1398;CAMPIONAT DE CATALUNYA 2a DIV. INF FEM;4138;PRIMERA FASE - GRUP M;primera-fase-grup-m;3432;CV Martorell Negre;VOLEI PAIDOS VERD;CV MARTORELL NEGRE;;;pendent;https://resultadosvoleibol.isquad.es/equipo.php?seleccion=0&id_equipo=3432&id=4138
368;CAMPIONAT DE CATALUNYA DE SEGONA DIVISIO INFANTIL;1398;CAMPIONAT DE CATALUNYA 2a DIV. INF FEM;4138;PRIMERA FASE - GRUP M;primera-fase-grup-m;3432;CV Martorell Negre;CV MARTORELL NEGRE;CLUB VOLEI MONJOS BLANC;;;pendent;https://resultadosvoleibol.isquad.es/equipo.php?seleccion=0&id_equipo=3432&id=4138
368;CAMPIONAT DE CATALUNYA DE SEGONA DIVISIO INFANTIL;1398;CAMPIONAT DE CATALUNYA 2a DIV. INF FEM;4138;PRIMERA FASE - GRUP M;primera-fase-grup-m;3432;CV Martorell Negre;LA TORRE DE CLARAMUNT VC IFA;CV MARTORELL NEGRE;;;pendent;https://resultadosvoleibol.isquad.es/equipo.php?seleccion=0&id_equipo=3432&id=4138
368;CAMPIONAT DE CATALUNYA DE SEGONA DIVISIO INFANTIL;1398;CAMPIONAT DE CATALUNYA 2a DIV. INF FEM;4138;PRIMERA FASE - GRUP M;primera-fase-grup-m;3432;CV Martorell Negre;CV MARTORELL NEGRE;IGUALADA VC INFANTIL FEMENI 1;;;pendent;https://resultadosvoleibol.isquad.es/equipo.php?seleccion=0&id_equipo=3432&id=4138
369;CAMPIONAT DE CATALUNYA ALEVI (3X3);1405;CAMPIONAT DE CATALUNYA ALEVÃ (3X3);4341;PRIMERA FASE - GRUP G;primera-fase-grup-g;3426;CV Martorell mixte;CV MARTORELL MIXTE;CE HORTONS AG;;;pendent;https://resultadosvoleibol.isquad.es/equipo.php?seleccion=0&id_equipo=3426&id=4341
369;CAMPIONAT DE CATALUNYA ALEVI (3X3);1405;CAMPIONAT DE CATALUNYA ALEVÃ (3X3);4341;PRIMERA FASE - GRUP G;primera-fase-grup-g;3426;CV Martorell mixte;VOLEI SANT ESTEVE;CV MARTORELL MIXTE;;;pendent;https://resultadosvoleibol.isquad.es/equipo.php?seleccion=0&id_equipo=3426&id=4341
369;CAMPIONAT DE CATALUNYA ALEVI (3X3);1405;CAMPIONAT DE CATALUNYA ALEVÃ (3X3);4341;PRIMERA FASE - GRUP G;primera-fase-grup-g;3426;CV Martorell mixte;CV MARTORELL MIXTE;CV VILAFRANCA AF;;;pendent;https://resultadosvoleibol.isquad.es/equipo.php?seleccion=0&id_equipo=3426&id=4341
369;CAMPIONAT DE CATALUNYA ALEVI (3X3);1405;CAMPIONAT DE CATALUNYA ALEVÃ (3X3);4341;PRIMERA FASE - GRUP G;primera-fase-grup-g;3426;CV Martorell mixte;IGUALADA V.C. ALEVI FEMENI TARONJA;CV MARTORELL MIXTE;;;pendent;https://resultadosvoleibol.isquad.es/equipo.php?seleccion=0&id_equipo=3426&id=4341
369;CAMPIONAT DE CATALUNYA ALEVI (3X3);1405;CAMPIONAT DE CATALUNYA ALEVÃ (3X3);4341;PRIMERA FASE - GRUP G;primera-fase-grup-g;3426;CV Martorell mixte;CV MARTORELL MIXTE;AE VOLEI MANRESA;;;pendent;https://resultadosvoleibol.isquad.es/equipo.php?seleccion=0&id_equipo=3426&id=4341
369;CAMPIONAT DE CATALUNYA ALEVI (3X3);1405;CAMPIONAT DE CATALUNYA ALEVÃ (3X3);4341;PRIMERA FASE - GRUP G;primera-fase-grup-g;3426;CV Martorell mixte;CE HORTONS AG;CV MARTORELL MIXTE;;;pendent;https://resultadosvoleibol.isquad.es/equipo.php?seleccion=0&id_equipo=3426&id=4341
369;CAMPIONAT DE CATALUNYA ALEVI (3X3);1405;CAMPIONAT DE CATALUNYA ALEVÃ (3X3);4341;PRIMERA FASE - GRUP G;primera-fase-grup-g;3426;CV Martorell mixte;CV MARTORELL MIXTE;VOLEI SANT ESTEVE;;;pendent;https://resultadosvoleibol.isquad.es/equipo.php?seleccion=0&id_equipo=3426&id=4341
369;CAMPIONAT DE CATALUNYA ALEVI (3X3);1405;CAMPIONAT DE CATALUNYA ALEVÃ (3X3);4341;PRIMERA FASE - GRUP G;primera-fase-grup-g;3426;CV Martorell mixte;CV VILAFRANCA AF;CV MARTORELL MIXTE;;;pendent;https://resultadosvoleibol.isquad.es/equipo.php?seleccion=0&id_equipo=3426&id=4341
369;CAMPIONAT DE CATALUNYA ALEVI (3X3);1405;CAMPIONAT DE CATALUNYA ALEVÃ (3X3);4341;PRIMERA FASE - GRUP G;primera-fase-grup-g;3426;CV Martorell mixte;CV MARTORELL MIXTE;IGUALADA V.C. ALEVI FEMENI TARONJA;;;pendent;https://resultadosvoleibol.isquad.es/equipo.php?seleccion=0&id_equipo=3426&id=4341
369;CAMPIONAT DE CATALUNYA ALEVI (3X3);1405;CAMPIONAT DE CATALUNYA ALEVÃ (3X3);4341;PRIMERA FASE - GRUP G;primera-fase-grup-g;3426;CV Martorell mixte;AE VOLEI MANRESA;CV MARTORELL MIXTE;;;pendent;https://resultadosvoleibol.isquad.es/equipo.php?seleccion=0&id_equipo=3426&id=4341